post_id	preds
16	['hg3xpej0', 'jrqlhjsm', 'styavbvi', 'rthsl7a9', 'nksd3wuw']
69	['r58aohnu', 'u1q6wl45', 'd06npvro', 'icgsbelo', 'yrowv62k']
73	['sts48u9i', 'a7frertc', 'u5nxm9tu', '6l7h3zxv', 'bikc25se']
93	['3sr2exq9', 'k0f4cwig', '8j3bb6zx', 'u43jmpyx', 'sv48gjkk']
96	['ybwwmyqy', 'ouvq2wpq', 'vabb2f26', 'qh6rif48', 'lzddnb8j']
116	['pxhetma5', 'vx9vqr1k', 'zt5alyy2', 'ay7gv9lv', 'xh723tgl']
132	['jjh1z5c6', 'f96qs295', 'uyb0of5p', '30pl5tx3', 'qi1henyy']
145	['yoiq6cgt', 'ftxgcgkb', 'f5p37j7g', '59u9ezr2', 'b2oi45ei']
150	['vzloj6b3', 'p94qntyb', 'n5kgdoln', 'r6943zpb', 'dx2cx9lx']
152	['hhuu7ol8', '4cnk76lb', 'c0ipfbeg', 'wgbyqfrx', 'omrb959r']
158	['f96qs295', 'wq92nfnd', 'opjfy3xr', '1s8jzzwg', '8je46886']
159	['9nostuqg', 'axa9cqk6', 't5p6z0wv', '3xx7rw6y', 'jwl8n0p8']
169	['edz3up3a', 'imheos0p', 'd78zcfls', 'z9vjo98p', 'fdkt6moe']
173	['4ylt5rhg', 'c6p7hgh4', 'eomtjrgc', 'unhrmzn5', '8l5i1z27']
177	['oud5ioks', 'bzeqs5oh', 'u0jddsup', 'uohbxoeb', 'a40yhtqk']
178	['21qgukm1', '7o7v0ewg', 'n2ih64pz', 'a9prti0f', 'umrk96gz']
192	['s3o9v1fl', 'dfhxcqr8', 'mru0mcup', 'whkfvd7l', 'm4vu77v6']
193	['yi1s6xap', 'yeowvvqi', 'egy8rgtl', 'yrxgaiy7', 'asrkuts7']
201	['8rn7q32f', 'lj74054o', 'a5oz6joh', 'yhyeywvc', 't6rxsiat']
209	['4bw26042', 'gsplo37j', 'puu8wib8', 'hxyn84jt', 'tuqp3ngs']
231	['o8aosx2q', 'fgj2lvbg', 'rlr17nah', '7j7u4sv3', 'pm9cl9ps']
243	['gtp01rna', '6a728le9', 'yn7e3do9', 'xq525smx', '6j45mmjh']
244	['bc8xa92n', '3xx7rw6y', 'msra1ghp', 'rw3l8nk8', 'uzcfqwgb']
247	['41yfx1ev', 'xochpgld', '4mjg7jul', 'tij7lakb', 'gc9eg5j3']
260	['mjb3ip7a', 'hn6clwoj', 'uohbxoeb', 'bzeqs5oh', '675v58x8']
270	['ivy95jpw', 'roe6g61u', 'jz6o9gnb', 'sywxrxmf', '14alhxc3']
272	['3u3i5myh', 'ijzoa0yn', 'v5eth1m3', 'rc5d6wi3', 'z6cdyy0w']
276	['pspko62f', 'ipdrujuv', 'p8xpavbg', 'c2manjgx', 'tx2dwo04']
291	['utxzc0x5', 'c8od88jh', 'f3v1xezr', 'r09wzv43', 'h0iynw2w']
292	['e0a1t2ig', 'xd5uhah4', '0rrhiw9m', 'vdgu6h0a', 'ykxr9q1j']
300	['gruir7aw', 'y4eyse0y', 'wh9vvgv2', 'c18arb6s', 'qu7ddcw9']
306	['8d90mc54', 'm5pe8kr4', 'zwcbor2f', 'usfvulc2', '6gb1za5h']
329	['dsfbmhbj', 'q9bwvh0t', '855atuue', 'hgcsfxwo', 'hunepli1']
344	['eywnnzxe', 'byw8jsqv', '55gugbs8', 'i6qoo03c', 'c187k4yc']
358	['db8fl9d2', 'f96qs295', '0mwz8kwo', '4eak8e8l', 'l4y7v729']
362	['bfcz49t9', '607lsqlg', '30pl5tx3', 'h7ftu3ax', '0imnd2q5']
377	['qeqd4soe', 'sywxrxmf', 'roe6g61u', 'rh2jrojk', 'nxu1xoax']
386	['41yfx1ev', 'urj0nssb', 'gc9eg5j3', 'xochpgld', '1mu1o8rj']
387	['qeqd4soe', 'roe6g61u', 'sywxrxmf', '9wnkmn27', 'rh2jrojk']
404	['daj5g788', 'u89jd28e', '6a6tyvtz', '35nshnn2', 'y04dub8o']
406	['daj5g788', 'u89jd28e', '6a6tyvtz', 'pq3n18ae', 'lfqi7jsa']
414	['wxrv37ec', 'ooagjxp1', 'embn75dc', '6ywpbdny', '0y4f1sgn']
418	['607lsqlg', 'ohkki0ke', '5b9jytph', 'usyduiti', 'hqapg5ow']
420	['t6rxsiat', '1jtln8wc', 'f0m3wuyj', '3kk1l0ag', 'h4fo8h90']
441	['lkb09vs8', '5iudn4kq', 'g1u9yhig', 'kt47i60w', 'c2krtbvr']
443	['446p4tbc', 'x7ybnese', 'km2uxj9p', 'sikgdopk', '7d4rci04']
450	['1475ms9x', 'ppsk31u8', 'jw713e2n', '4z8i83p4', '3vccsofn']
452	['45y7jepy', 'dkukwnov', 'l8k7qsqc', 'kk5adtim', 'm3t1hx5o']
469	['08u566ia', 'psk1lnff', 'ihgxtu8g', 'liip39ku', 'vymre7uv']
488	['k1n00gir', '6hehg1yf', 'ypxur24q', 'g77vjcjr', 'p9qeaedh']
491	['rn8eezep', 'uj0k84vk', 'rcaxap24', '6tlzij5v', 'rog2h4g7']
499	['nr0fu2qb', 'f96qs295', 'ropgq7tr', 'x9sfgtim', '8je46886']
508	['fxvro3wl', '3jn7tdaj', 'f5twvg9g', '5azti19e', 'qhrwngde']
522	['iyc8j5mr', 'tc6btsdu', 'vjwu0fvp', 'xp2qkk52', '9t6du1v5']
530	['v6w9mlsa', 'ovgk0wsn', 'ywvk6gu6', '2kh4iw8h', '9mdf927z']
535	['l2i3aa3k', 'w3d33mq0', 'rr87vhd0', 'ai60maqz', 'vc6j8ao2']
566	['4cy3er3y', 'io8mozoe', 'tdxrx9se', 'yg0ovmu5', '5eo7wfle']
572	['9mvk86q6', 'yyfsnthj', 'x14iywtr', 'ho5n7n90', 'k1adcls8']
600	['qmo1zzkg', 'ipsjsf0y', 'w1pv8dsg', 'mayhg4jq', 'y0mbzzx0']
611	['xcomjvaa', 'leqluxpl', 'jwjualy2', 'eauj21v4', '2a12nsnl']
616	['yslf5er3', 'lsvf3hl6', 'qgxaekae', 'm8hkj1dm', 'w4dyadpa']
628	['y8i60bm3', 'g6kag5ij', 'cbp4o6ou', 'dql5n9k7', 'y9urkfnt']
631	['yjm6asp5', 'mmr04tsm', 'jazfyjwl', '0n07fow0', '2yrgy2y2']
653	['mcw3ir3a', 'xr70oiv3', '9xxv8a2d', 's6kdchlo', 'e49rdu76']
672	['iyc8j5mr', 'vjwu0fvp', 'tc6btsdu', 'xp2qkk52', 'xjklin0b']
675	['lwhy2spw', 'zzph3va1', 'on1y4mdw', 'xi2whtvr', 'npbzxwgu']
679	['7xb7hj9u', '59u9ezr2', 'li8kvzdh', 'pjh2lr22', '3kng7qea']
704	['r6r7k3zr', 'zbzrxuoh', 'ghi0ekm5', '7hkowm2y', 'iff8cuum']
707	['o7qibwzj', 'jgbwd3ib', '5ik10en4', 'oyplh9cn', 'odo52gyy']
711	['octtj2vf', '9oejm9sc', 'ey0r1py7', 'e63j8gci', 'wcq3qqt4']
713	['d44561hh', 'suqkidrm', '63b7yidq', 'm46vdpv6', 'yb9uyov3']
717	['wnpmwne1', '630w2rtn', 'adv2siu3', '1adofojj', 'ua7hsfma']
746	['spfc0fc0', 'jtgpzrf9', '104lecie', 'c0i45oix', 'h4cu63cm']
751	['x5btuxrq', 'sxoo9p8e', 'hs2q61gw', '1umbwskb', '4h5a6qh1']
771	['8hvgsico', 'f3w4v5ej', 'w4dyadpa', 'hlv5zb0s', 'vsinwqnr']
776	['trrg1mnw', 'styavbvi', 'dikrttn6', 'hsm75cww', 'b1g23kz1']
787	['jr92ou2e', 'b9nsh19x', 'ca9uxrtc', '5rdsn2mn', 'y7v9zc6w']
792	['ws7lp560', 'atnxkvy6', 'tyaazpo9', 'npe81wc8', 'gobik7kl']
805	['ag18sokf', 'ff6amr0c', 'skm4qtgx', '45r3ccwe', 'r4j1rcm5']
813	['tx3qbg32', 'suw0h7s3', 'k0oket8b', 'lm2qoahq', '9jqafpkp']
822	['x5btuxrq', 'sxoo9p8e', '1umbwskb', 'hs2q61gw', 'tweqxttb']
824	['u5rbvc3i', 't0zphgfl', 'obhm5mc5', '05lgp662', 'fnguelau']
835	['bcttenl4', '08z6z7d5', '7omyaap8', 'xq525smx', '7w0e546g']
837	['cabmmgg6', 'pfh6nm9r', 'kgggepu0', 'g0wujywh', '7f33cu6l']
849	['ncfvllzi', 'n5qfwl57', 'ikon1ktb', 'lgtpeqhw', '4kfbs7j4']
850	['8llmriik', 'b36vq2pj', 'zjpxfd7c', '8gub6wmy', 'm13ndhaz']
852	['bcttenl4', '9kk8pevp', 'qbj8n8h6', 'w01dub6y', 'xvphsdg7']
877	['6mdimxnk', 'ywvk6gu6', 'ovgk0wsn', 'qhbuvt1l', 'nq79qw82']
889	['6mdimxnk', 'ovgk0wsn', 'v6w9mlsa', 'ywvk6gu6', 'vwvzxlqh']
916	['ms7hst7z', 'kkbkh4yi', 'dew7ug4s', 'u0lvjlbs', 'a47sz3r5']
935	['qeqd4soe', '9wnkmn27', '1l4o9pko', 'ml27mexb', 'iu5ndsxn']
938	['qeqd4soe', '9wnkmn27', '1l4o9pko', 'rh2jrojk', 'aakzdkcj']
954	['qtzhfnr6', 'gqwwfpch', 's19w1p2i', 'tmonjdrp', 'be4afbyo']
958	['t1a8vnms', 'o4ri7t16', '5txhcr7h', 'h1h24a4r', 'rog0fp93']
969	['nbdk83ok', 'dpyz8uh4', '69wuny3p', 'n1q1wr9s', 'fdkt6moe']
971	['wpabett8', 'ziyzdcmg', '752z66xr', '3kl4p7h9', 'gqww6dfm']
977	['rtp9j01c', 'g05z8cux', 'j1lhgciv', 'jj2baaph', '4rzttwyp']
984	['msra1ghp', 'w9qei8zj', 'f64tksb4', 'zy48nad1', 'b9uc5gpv']
987	['tk0iwpnb', '9jsx2z6e', 'gxu62u9i', 'ub7ilx98', 'g2nhydu6']
1039	['0oq0xmzr', '5aev7ltr', 'lty6oq3d', 'pxo11hwp', 'so9uy899']
1056	['lvw0cnwj', 'nwb7qf9l', 'zc10b6j5', '1y1ik2u9', 'l9lni5d3']
1060	['ljpeq5aw', '5bk0w0sa', 'uyzalds2', 'dccymlie', 'e7uvbra5']
1062	['li8kvzdh', '53zopedx', '5t4twnpm', '6hl6rtsh', 'ywvk6gu6']
1070	['lvw0cnwj', '5yscqct1', 'jjiiutd5', 'nwb7qf9l', '8lyipugh']
1072	['s23d5pns', 'd7tk12u2', 'mt61b7o7', 't13pehgc', 'gydzq4n3']
1073	['oa81rhdb', 'o43e6aid', '3tfof5nd', '7bhue8w5', 'hbyxy4ln']
1075	['z92xqedn', 'hkk23tqt', 'aj885nl0', '2w6p6jji', 'nli8ccyv']
1092	['qeqd4soe', 'roe6g61u', '9wnkmn27', 'sywxrxmf', '1l4o9pko']
1103	['9oxajwkk', '0ctlde8w', '7j7u4sv3', '5eo7wfle', 'a9lw6vrs']
1104	['jfpa3rih', '8l5i1z27', 'xui25c83', 'zctjkag0', 'jbmzvljk']
1108	['vp2t4xkn', 'pq571myy', 'qqdcs77q', 'iw3wv973', '8i2ryrfe']
1118	['jihyavm1', 'eumvomou', 'm72i8vtq', 'zqg1r6c8', 's245n3qw']
1119	['wq92nfnd', '3rxsplrl', 'vx1hjh26', '0mwz8kwo', '9ezhwvv9']
1128	['ypxur24q', 'k1n00gir', '6hehg1yf', 'p9qeaedh', 'ohuw75ii']
1131	['e5v9e584', 'ion9fkpg', 'wbix36hf', 'r5iu5nr1', 'r4yukmwe']
1144	['ia8rou81', '4u3v4vyu', '5rpd8d0t', 'uv5jctnd', 'moplus2n']
1161	['qeqd4soe', 'roe6g61u', '9wnkmn27', 'nxu1xoax', 'sywxrxmf']
1162	['6ukt0gbn', 'r1m709hb', 'rpjg4a9i', '25bdifv6', 'uqeikj0m']
1172	['trrg1mnw', 'hsm75cww', 'ynaxwnlp', '5xk20hs5', '2jdlavwj']
1179	['gjsrfmj4', '7d6snq1v', '353wr671', 'fu685z9a', 'ogchq8gz']
1184	['s9b631ee', 'e7d6sezr', 'zli3t1wx', 'yxe19kwe', '1fzqh9mb']
1189	['v5beddu4', 'plzklj7c', 'b4mjo92p', '9e6g15iw', 'k36t200n']
1198	['1f6kq8co', 'vszrekp9', '1syeo6ff', 'kl2w6yiv', '6bgquqa1']
1211	['wyn09ag4', 'b1w9ns78', 'jmdrupds', 'u6b8iwr0', '3oetrhdh']
1222	['vbnke2q5', 'dx2cx9lx', 'p94qntyb', 'qmo1zzkg', 'gg5c8v7d']
1225	['szekvw7e', 'yosjlefy', 'oxa060jf', 'wqicq5ry', '00ugdhvf']
1229	['od5nnxvg', 'aawjla6h', '4p6fcy8f', '5zn5mgi9', 'fxvro3wl']
1230	['db8fl9d2', 'wzqdo1st', 'f96qs295', '2tre0wat', 'l4y7v729']
1237	['hwpn7ti1', 'x73moqog', '3o91v72a', 'nt1e70dv', '4et61my3']
1250	['9iz8papc', 'jfdwo189', 'jlnopr1j', 'n1ht2eb1', 'qnuphz59']
1261	['y7082lr7', '41xkwg1w', 'klmhhvtc', 'dti9o5x3', 'q9d88fxx']
1262	['te0v91nr', 'bzeqs5oh', 'aakzdkcj', '1l4o9pko', 'd21lvneh']
1272	['psaq958v', 'q77tr31d', 'bh8zshy9', '02p4et0u', '7f33cu6l']
1274	['pl6dpxkz', '4zd58eqy', '2un9aggj', 'vwgvlqml', '0loj2fsm']
1304	['u999bx7a', 'k21ltg5z', 'fe42i4pf', 'ci0hmkjk', 'g1o4t8ps']
1314	['j4bfn87k', '4zswxeth', 'pi77smba', 'lxabtp41', 'atloc9th']
1319	['qibt88f7', '626ch774', '1ucs8zu1', 's1olwzxi', 'd8x3b9a3']
1342	['mjb3ip7a', 'te0v91nr', '7wsumadw', 'hn6clwoj', 'spfc0fc0']
1345	['1vd4j3qc', '3cr97dii', 'n5c0hcwn', 'b0wy5zz4', 'rckwiqgb']
1346	['ba5h6uhu', 'xq525smx', 'f2jzz41d', '6hkqe14l', 'qa2pgjvj']
1351	['4vkkaqhz', '2qcuygax', 'z4s7u17l', 'xkqajjgw', 'y349r3r6']
1355	['1vd4j3qc', '3cr97dii', 'n5c0hcwn', 'g0wujywh', '4gxff3rd']
1365	['85jx7i06', 'g8tckoxj', 'tloczjn5', 'bkf7zbg7', '3lzm42wq']
1374	['ys7azmv7', 'lr20prun', 'bmmdygbs', '4ff2e17a', 'lkb09vs8']
1381	['qv1xfrg6', 'd0s3vl2w', '9wnkmn27', '65gedo6u', 'wb1apvn2']
1398	['rpwmcqbg', '5c8im9ci', 'octtj2vf', 'e63j8gci', '9b6cepf4']
1402	['ltga2btq', 'r1tl2hrk', 'o78vcy90', 'z8ajje2l', 'sfm82h0g']
1409	['8bjfoa9g', 'y14lw5b2', 'sijfzd2o', 'unl3n0tn', '9v6f2274']
1410	['0shy9q2l', '0t5n87u6', '5053t5ki', 'eoumpu50', '0ygvjgj7']
1428	['unhrmzn5', 'f60z8jo2', '08mfxvql', 'n9aqux5a', 'xi90m4jk']
1430	['s23d5pns', '4pyx0xps', 'bh8zshy9', 'h9nzxlaf', 'fu685z9a']
1447	['ufniziwd', 'sqxl75qb', 'f5g3mcee', 'vpatjn33', 'bdi9h7np']
1452	['gu4mz2vp', '2bupc5jh', '84z7jgcl', '4r96f92d', 'atloc9th']
1455	['riltam7g', 'jvo0nk3w', 'u3ympejy', 'uzc6r1jr', 'qxntta1u']
1468	['q9bwvh0t', 'o1xsjx2p', 'ihler8r0', '6mzqk12f', 'ulfz0b15']
1471	['5q7fmrqo', 'qm0f590n', 'dql5n9k7', '4vkkaqhz', '9o2lai1g']
1476	['963hkkiy', 'ezrarusj', 'wtenvb27', 'zmkvs7e7', 'k4lqkqnx']
1479	['gydzq4n3', '9fgqe5ep', 'uaccs7k9', 'y8puocsa', 'xk2inqjm']
1484	['zycgczqy', '9b6cepf4', '30pl5tx3', '3h80bn0k', 'f96qs295']
1490	['zycgczqy', '9b6cepf4', '30pl5tx3', '5vodag6c', 'wzqdo1st']
1492	['zycgczqy', '9b6cepf4', 'f96qs295', 'rpwmcqbg', 'db8fl9d2']
1517	['ox59xb6z', 'lbkjxws4', 'zctjkag0', '5ogges89', '7b570emm']
1526	['2hkdhwaw', 'w45ih46q', '8l5i1z27', 'irhizn0b', 'y98bleop']
1536	['h2lnqvsv', 'pr1fd8mj', 'k4k3kcrh', '70nbsrl4', '32ua8wb6']
1537	['d0nj3fsa', 'gufhaylj', 'jfpa3rih', 'o9me37ri', 'p6k449j5']
1543	['52cub1om', 'h5xvrtfy', 'ztc4wvlw', '1fr7j93h', 'y42gcbj0']
1555	['3u3i5myh', 'ijzoa0yn', '9kfs73sr', 'lby3xhmp', 'pdd5wepz']
1559	['a4klrp3h', 'g2wpw330', 'v4pkwd44', 'amw2c96l', 'lv5s1bko']
1566	['n3i3x5pn', 'pf2wsny3', 'ycklcks9', '6ejzpqq4', 'mfyurey2']
1598	['sljh3o2k', 'uqfwx4nk', 'rcsohu4m', '7xb7hj9u', 'q1mq5f2t']
1608	['ax3e82js', 'qeqd4soe', 'zqzs6vtf', 'r76tqrwz', 'tq2vdo88']
1609	['zowgwnjq', 'iepagac8', 'cxqzo58q', 'msxp1qkx', '8g70j0qw']
1620	['s7z1l3a9', '41yfx1ev', 'ofbnzo6n', 'tij7lakb', 'xochpgld']
1643	['whkfvd7l', 'dfhxcqr8', 'mru0mcup', 'qa4njmyt', 'bbhb1cre']
1655	['wg0q628x', 'rfekwtdb', 'ua10zb5y', '1m093f8d', 'ww2767gn']
1677	['9gqonmf5', 'e756pbyp', 'bzn7wd36', '0ygvjgj7', '4vq9ljlg']
1680	['xr70oiv3', '3jgm3uhs', 'cdltu9vs', '0njeeoc3', 'kovi3uyz']
1702	['1s8jzzwg', 'ropgq7tr', 'x9sfgtim', 'w1bx4a7v', 'h7ftu3ax']
1749	['jhsqrto0', '8pz6131o', '4h5a6qh1', 'ahxldfao', 'oe7fzahb']
1769	['qnqh7fum', 'bv1v3awh', 'lricvxim', 'zbbh6wl3', 'o68mentl']
1786	['29ph2eai', 'lme6vcqs', 'rwbciyze', 'k450igys', '1n0qw2a5']
1800	['f0kcf2y0', 'evuixig8', 'yjbmi8ur', 'jxsldz4o', 'cnz7jlw4']
1807	['oah1to9w', 'xo7q4dqr', 'lfvvfzi5', 'fi7a0qvj', 'khkw1hhv']
1818	['0i12e4tn', 'u3832seg', 'x84su3ki', 'd3fpqczo', 'k18k0kuk']
1821	['khkw1hhv', 'mut94ov1', '1omv4r30', 'lypptk1l', '59xux3di']
1835	['h8w4q5ff', 'mut94ov1', 'y8boml8i', 'h2lnqvsv', 'qpgvrtee']
1846	['lfqi7jsa', 'vwrhypnl', 'ofgv3p8y', 'i99lqr0p', '6a6tyvtz']
1862	['hu2lg6i7', 'u89jd28e', '4a7fzrxg', '4vtad2ve', '6a6tyvtz']
1866	['6a6tyvtz', 'tpswy2g5', 'vwrhypnl', '4qp083h4', 'pq3n18ae']
1875	['p8ckcvyj', 'clrlg58a', '58mdhe5v', 'rc6cza9r', '7lli72ph']
1877	['p8ckcvyj', 'clrlg58a', 'okfsy72o', 'zqqp22y7', 'snsjrjx3']
1904	['1l7hldfh', 'gap91mwc', 'rvfxcqvu', 'eu1gbga9', 'na3c21pf']
1935	['hz5vigp0', 'u4ntxo0y', 'q4zuslmp', '3o91v72a', '8mxj44n3']
1958	['3oetrhdh', 'u6b8iwr0', 'udtoutew', 'b1w9ns78', 'jmdrupds']
1962	['f3mvdpq1', '60sbhzfs', 'w036x5gr', 'xd5uhah4', '2scp98u0']
1966	['tc1exm56', 'vxavox24', 'j23pvlj9', '9p73l3rw', 'o6i5ca7h']
1975	['sc40pmn4', 'iseh0z9c', '213bme3q', '9eu792zu', 'f3j0g82b']
1984	['d4eae8g3', 'cwdtyr1v', 'ogrlupbx', '4z8i83p4', 'r5552ql7']
1985	['d4eae8g3', 'cwdtyr1v', 'ogrlupbx', 'pgasbdpp', 'tyqeguyf']
1990	['sjrle2n0', 'rbxesxf6', 'n6p1w415', 'fnojlsnj', 'q9d88fxx']
1997	['fgj2lvbg', '6k0nhmg9', '6hkqe14l', 'wjktna81', 'pn516wom']
2008	['cxqzo58q', 'bjjfxfei', 'jfjxujwj', 'yo2lpdi4', 'iepagac8']
2057	['pq571myy', '6a6tyvtz', 'w750idb5', 'xxtgzo5e', 'h4sbz3md']
2067	['unl3n0tn', '5a0yyowv', '5aia1f36', '8bjfoa9g', 'y14lw5b2']
2086	['ce1a9k8b', '66g5lpm6', 'es8l29ub', 'cmc02ybp', 'jwei2g97']
2104	['b4mjo92p', 'plzklj7c', 'v5beddu4', '9e6g15iw', '9ixpj162']
2116	['3u3i5myh', 'ijzoa0yn', '9kfs73sr', 'rc5d6wi3', 'v5eth1m3']
2120	['eywnnzxe', 'byw8jsqv', 'a0rvtsog', 'ruewzstg', 'y8puocsa']
2123	['3mk8dwf9', 'j67qgjbj', 'n3nwra0o', '7momt81r', 'toj6eqs2']
2125	['pgasbdpp', 'l69kwh48', 'ogrlupbx', 'd4eae8g3', 'eie9cozf']
2132	['6a728le9', '6j45mmjh', 'gtp01rna', 'yn7e3do9', '58qneoj5']
2139	['duqgd4gs', 'z5rwznmv', 'xdbtwiqw', '1mx3jrup', 'w25jpub7']
2149	['9jfclm9c', '13kzv4b2', 'xoduxbst', '32gnw4sv', 'of16ewcj']
2154	['ffy19pp9', 'cmp1bvhd', 'faj85qxc', '8p81kc9z', 'c3955inl']
2160	['zycgczqy', '9b6cepf4', 'db8fl9d2', 'rpwmcqbg', '5vodag6c']
2161	['qp34apct', '855atuue', 'y349r3r6', 'ptd57hee', 'oi8epg9m']
2162	['t4y1ylb3', '8l5i1z27', 'qdmkx03t', 'su028g3j', '7a543f7v']
2172	['tra5ewc5', '763v4duh', 'jjh1z5c6', 'pu12u627', 'uyb0of5p']
2185	['xe8t3uqp', 'xneu8glk', '0pcgcbjw', 'xp2qkk52', 'xjklin0b']
2199	['ml27mexb', '9wnkmn27', 'rh2jrojk', 'zqzs6vtf', 'tq2vdo88']
2200	['8pkwqg5j', 'i513q4l4', '8g8yc0tu', 'cwreauh8', 'zbbh6wl3']
2201	['gc9eg5j3', '41yfx1ev', 'zsygn29p', 'g0cgjlok', 'urj0nssb']
2210	['11xjl53c', 'k0v1axmd', 'lfk6e8hy', 'mldwnz43', '8i2ryrfe']
2236	['eydniusb', 'p1w0p6b3', 'uyrg5bed', 'ldcim3cw', '86xwnpde']
2246	['qjqk8xge', 'boew323c', 'r09wzv43', '8pislcjr', 'zrg21jgx']
2251	['95wclabe', 'aq2iz9tq', 'p10cya94', '10l12wgu', 'kc6dls2z']
2256	['j8666ial', '28wn23nl', 'bn22k0p3', 'a27vtdb6', '8cd5z4di']
2259	['znswomwk', 'fdkt6moe', 'edz3up3a', 'wxor6kg3', 'q7vv128t']
2263	['0cnjtxyq', '1s8jzzwg', 'pdfl15fz', 'yrowv62k', '844229sb']
2269	['nr0fu2qb', '1s8jzzwg', '8je46886', '5yscqct1', '844229sb']
2284	['unnrflmr', 'wh9vvgv2', '3ss714ha', '7e8zlt3t', 'myeiu66g']
2287	['8cvjsisw', 'dyxfsojh', '9wnkmn27', '104lecie', 'xee6npr3']
2308	['qvuuhkg6', 'std4jddn', 'xsk68m5f', 'hsdeesm2', '7vadpp3d']
2313	['xsk68m5f', 'dq6iyabh', 'ea78sjcs', 'kfbrar54', 'osol7wdp']
2318	['6gcahsgs', 'ifovibzi', 'ylqpkosd', '6r79qt66', 'g15tvzn4']
2334	['2dvljm27', 'nbn44sxq', 'b1s3ubm1', 'p91dk324', '4ifng0a6']
2368	['5hei9fac', '0xhho1sh', '08bw0h8m', '7tp8z7n8', '59u9ezr2']
2377	['m69ceq2t', 'oyr4klqk', 'a40yhtqk', 'cq5z8lqu', 'uohbxoeb']
2427	['bttme4wn', 'szteqo8t', 'pvrh2mqa', 'rjhe893f', 'wbsl6n67']
2429	['bpnqz1cn', 'tv1a1hwj', '9s9ctu9i', 'q9d54z1s', 'zn28xy7a']
2432	['hbvwm62l', 'd9rd5392', 'klqji8gj', 'puttcvi7', 'kn9b4v8j']
2436	['w7o2r4g1', '73b58lcm', '2ierk83o', 'llv66c9p', 'd0nj3fsa']
2438	['0oxo2awm', 'joy8utv1', 'q93luiw2', 'bre2ijbb', 'k5jkntul']
2450	['vdfnrh9k', 'lsvf3hl6', 'm8hkj1dm', 'tppfqvtf', '0rftk787']
2470	['d4eae8g3', 'cwdtyr1v', 'ogrlupbx', '42wcyjuk', 'dobxp4uy']
2474	['02p4et0u', 'rc5d6wi3', 'z6cdyy0w', '6mzqk12f', 'qh6fqna8']
2477	['itx70h27', 'f4x16qyh', 'ezhwnj12', 'itwp8mlj', '6age8sqe']
2485	['w45ih46q', 'r9qtzdvk', 'y5a9xtr5', '3u3i5myh', 'g266ttng']
2489	['8nk7pplh', '71cxwu1t', 'n5qfwl57', 'otme0vmu', 'kfjgy6wl']
2492	['z1y1zgo8', 'rpjg4a9i', 'cfd1x420', '25bdifv6', 'k2zrdjyo']
2502	['fz14yjvm', 'r3w90vg8', 'fxvro3wl', 'zc10b6j5', 'ykxr9q1j']
2505	['v5beddu4', 'plzklj7c', '9e6g15iw', 'l63d9lyd', 'b4mjo92p']
2517	['qeqd4soe', 'roe6g61u', 'sywxrxmf', '9wnkmn27', '2v6zigt8']
2545	['qj1v04cf', 'cd7cfpx3', 'aq8ckfv7', 'k36t200n', 'uqpxs7et']
2552	['m13ndhaz', '0kqlxx26', 'ag5coipu', 'ratbgibg', 'tmp6yxlv']
2558	['tn8houmc', '8l5i1z27', 'jfpa3rih', 'dljqpvyk', 'ruewzstg']
2559	['pg69ww3a', 'e5v9e584', 'rk9hsw2b', 'd5sxycaw', 's8nx7wim']
2561	['fqdu9uo0', 'zhax1vqc', '2cv0vuin', 'oc9k32zx', 'uc0qkegm']
2588	['5rpd8d0t', 'dqbvnr0y', 'jyxrk9bz', '43eh69dx', 'k4ttbbix']
2591	['pc2cnhjd', 'ykxr9q1j', 'n5bqf6rj', 'zc10b6j5', 'jgq968f6']
2594	['8d6vcqr3', 'mhbwjwrg', 'ticmj3x6', 'n0uy6hd2', 'xqcs4j0g']
2599	['rhgl6vss', 'hitaptnp', 'z9jqbliw', 'cqv2cv9r', '73i7h1wi']
2639	['01h205jf', 'v1egyqt4', 'xolflz8g', 'bdxzphjb', '8ubugbn3']
2646	['9b6cepf4', 'qdw86v8i', 'db8fl9d2', '2tre0wat', 'l4y7v729']
2659	['jgcv1wf3', 'uuxo3jk9', '54fmvcl5', '19skljon', 'e4xw6gyp']
2679	['cd7cfpx3', 'b4mjo92p', 'cutwvq3b', '6qwj922f', 'plzklj7c']
2681	['l16a5nq7', 'xeb14weg', 'kjgyjk2g', 'ym5my5st', 'wigakw9h']
2686	['9b6cepf4', 'qdw86v8i', 'db8fl9d2', '2tre0wat', 'wzqdo1st']
2694	['9b6cepf4', '2fokjcjr', 'db8fl9d2', 'wzqdo1st', '763v4duh']
2695	['9b6cepf4', '2tre0wat', 'wzqdo1st', 'db8fl9d2', '2bpyvgv7']
2698	['i8jv5iqo', 'oz047qmf', 't46giw1h', 'icse3cz8', 'cn0hqvsz']
2719	['ncfvllzi', 'gg5c8v7d', 'ikon1ktb', 'zqg1r6c8', 'md0drb25']
2733	['ah8mzt1g', '6h83xzqe', 'jdo7afuh', 'lypptk1l', '2qcuygax']
2740	['dnm7s947', '60en5zy7', '8g70j0qw', 'lbxg93hl', 'konern28']
2745	['ah8mzt1g', 'cj7izin2', 'p32h5rp3', 'bbhb1cre', '6h83xzqe']
2773	['94k9cai0', 'ykt09wpj', 'y8ibpd1g', 'vjntos25', 'd6wkv2rc']
2787	['8je46886', 'w1bx4a7v', '1s8jzzwg', 'jjh1z5c6', '9b6cepf4']
2796	['726t123x', 'vrs88dcy', 'l2i3aa3k', 'qi1henyy', '30pl5tx3']
2801	['geo7ac5i', 'tlr243il', 'btao9cun', '25aj8rj5', '86xwnpde']
2814	['rm6av6sj', 'y2bsx8p2', 'vpoqfm7d', 't13pehgc', 'i5h0gm3u']
2825	['a66sszp2', '7kxi7px1', 'gunn55f9', 'vgvcd02j', 'scc9wee0']
2827	['ajmelb8a', 'hvp47bm2', 'kjf63oug', 'a5av0dq8', 'fasjkg7r']
2850	['d6ho2b4b', '7np944lw', 'zkgfuub2', 'nrc35akc', 'xi20pdvy']
2859	['v85v5o51', 'g4pd6g4j', '9eu792zu', 'eiomk2fh', 'jf9whlu7']
2861	['ec3pmvih', '5nv3ec5l', 'ubomj70f', 'rmyy6fni', 'wiei5dpt']
2865	['xavegbty', '7b7on38r', 'iwc72ymq', 'hm332jqo', 'bawgldfi']
2874	['edz3up3a', 'xnxn506o', 'imheos0p', '24u6q3ae', 'hc4zu9t5']
2897	['rm6av6sj', 'y2bsx8p2', 'k4ttbbix', 't13pehgc', '18b6ikq3']
2912	['6o7q57xl', 'u9nmqcgs', '43z85jsb', '8ymu432a', 'g9com45e']
2932	['24yfnzq2', 't5k8o6sb', 'rv2padg9', 'zew4tzy7', 'd5sxycaw']
2934	['g9btjkcn', 'c3wkwn0u', 'fsl4veps', '0w7robfb', 'efox6z5q']
2937	['sb9ckivs', '13kzv4b2', '9s98t4h7', 'nzc9essr', '0x3uihto']
2942	['flxbomsx', 'd0nj3fsa', 'w1azm2mc', '1ma4hp52', 'sem6z3ka']
2947	['opjfy3xr', 'wq92nfnd', 'f96qs295', '1s8jzzwg', '8je46886']
2963	['eczga3ur', 'ksveiiid', 'ta3zlz4z', 'm89wmmxd', 'shfkl0bs']
2966	['q9bwvh0t', 'o1xsjx2p', '2qcuygax', '29z4q4fs', 'sykjpaz2']
2980	['cn0hqvsz', '2x2n8blg', '4ercv3oy', '4oxbczqe', 'f5m4ndx4']
2986	['ey0r1py7', '9b6cepf4', '0yysikc1', 'w1bx4a7v', '1s8jzzwg']
2995	['222ci300', '23gax7wp', 'jw6kh8os', '0chuwvg6', 'bawgldfi']
3000	['1s8jzzwg', 'f96qs295', '8je46886', 'ropgq7tr', 'pdfl15fz']
3001	['e4xw6gyp', '72jwlfqr', '0i12e4tn', 'u3832seg', '7zshbsww']
3023	['plgip4h6', 'nzat41wu', 'ti8hnjgc', 'qpzg8lam', 'bp2ilntr']
3024	['vvuaegse', '9wn91fj2', 'fm8koqjd', '5525dp31', 'tdxrx9se']
3040	['s1dert6n', '2hkdhwaw', 'ltga2btq', '1nmzo9at', 'z4cq9klm']
3054	['hw4plghg', 'g3uiyy6t', 'vaesa8nh', 'wxc5g9l2', 'wcyqks52']
3059	['zpavu0eh', '6rhgg4h2', 'had5tqie', 'k5jkntul', 'o8bmgsde']
3060	['gc9eg5j3', 'pfbgojxr', 'n2ih64pz', 'aclcbxkd', 'f5ehif2w']
3066	['8w2t6u96', 'o4ruio2m', 'dica9bqx', 'p9qeaedh', 'msb6wgnv']
3071	['geo7ac5i', '6mfd3n4s', 'byvsuvn0', 'is9a77dk', 'x7qlnugx']
3081	['3u3i5myh', 'w45ih46q', 'fgdzfr39', '08h4198w', 'a0dvzhc8']
3114	['2q87yv17', 'pv7tgwcg', '9ui0t9tf', 'b35rzdga', 'j7vm8h9t']
3116	['s6zoqu8a', 'q9d88fxx', '9iomlhpv', 'dqpujzo8', '9rczqcaz']
3122	['vbe9ptjq', 'mobl9jp5', '60la1jr7', 'wqtemjy3', 'tgstsac6']
3129	['cyfdvgvy', '8dobncuw', 'olv2kuwx', 't97pdl4u', 'xof56j98']
3135	['hhuu7ol8', '4cnk76lb', 'b0qj7tck', 'gg5c8v7d', 'wgbyqfrx']
3145	['snsjrjx3', '42wh36ge', 'hwczi82m', 'o61dn71v', 'xyuj1j57']
3163	['gbf8beq4', 'ofbnzo6n', '23n5r8qj', '089b1z4b', 'tij7lakb']
3169	['82wscept', '2cv0vuin', 'bi9fid5f', 'wg5cfp0k', 'fqdu9uo0']
3180	['n9aqux5a', 'x924tb4t', 'k7b8wj56', 'tvhn7lnu', 'fo815n5l']
3199	['ruewzstg', 'dpws8p4y', '8l5i1z27', 'tvhn7lnu', 'n9aqux5a']
3221	['k1n00gir', 'p9qeaedh', '6hehg1yf', '6lz0kjen', '8w2t6u96']
3245	['l346qqwp', 'ledopkwj', 'ewf1z1ee', 'tgd6gy3z', 'um51u84w']
3268	['tk7eturq', 'cpeizrdb', 'ne7e12nj', '0chuwvg6', 'jw6kh8os']
3269	['kk5adtim', 'atd6bg76', 'ut4d68ti', 'rcaxap24', 'k9mbmgvr']
3275	['y047cuxp', 'r0taoqsw', 'rr87vhd0', 'hia647nr', 'mkl7rvr6']
3277	['6hkqe14l', '6k0nhmg9', 'nzc9essr', '3o7rd8pt', 'wvfw94n1']
3282	['k4k3kcrh', 'emsf4i9c', '70nbsrl4', 'yji3hwf3', '01c1hxav']
3297	['li8kvzdh', '6hl6rtsh', '121p2shq', 'c5be70t6', 'e7uvbra5']
3298	['407va85q', '2l883zhe', 'rh2jrojk', '8o2xddof', 'belhjr5e']
3300	['1l4o9pko', 'aakzdkcj', '9wnkmn27', 'mo23hpe1', 'belhjr5e']
3319	['2f09vauy', '5bk0w0sa', 'p36ilfqj', 'e7uvbra5', 'ljpeq5aw']
3330	['dtja6m6w', 'pavd7sj3', 'zbkx78mm', 'v10454ns', 'k3mz6lf1']
3334	['ueid1mma', 'prqrsb3c', '2veblo5v', 'on1y4mdw', 'gk1avld0']
3347	['yc7cvbii', '40vsmpfv', '2xl0gp1o', 'sdtr6yla', 'k0eheo71']
3349	['rpjg4a9i', 'z1y1zgo8', '25bdifv6', 'k2zrdjyo', 'cfd1x420']
3350	['41yfx1ev', 'xochpgld', '8jxacsfr', 'urj0nssb', 'qxqo23i9']
3355	['qeqd4soe', '9wnkmn27', 'ml27mexb', '1l4o9pko', 'roe6g61u']
3358	['eywnnzxe', '4vkkaqhz', '5iudn4kq', 'jfvq2gfx', '5nr3j1ew']
3364	['lvydhfej', '28lojtvu', 'd21lvneh', 'xnrb0byz', 'l97yi8l9']
3370	['styavbvi', 'rthsl7a9', 'hg3xpej0', '5hxsagx6', 'jrqlhjsm']
3430	['df65w0lx', 'ex6dyr77', '9452kqc0', 'fe456in0', 'j46bet38']
3450	['d4eae8g3', 'cwdtyr1v', '1475ms9x', 'ogrlupbx', 'ot04th3v']
3451	['0n51j2jo', 'r0taoqsw', 'lbkjxws4', 'y5a9xtr5', '3rcvgcwx']
3459	['vdejfuuy', '45r6aieu', 'bwmpamea', 'x14iywtr', 'ueb7mjnv']
3463	['3f0pgo4z', 'kr4sr1ae', '4rzttwyp', 'nbdk83ok', '4888p05u']
3476	['yink1e6b', 'cvouxqxy', 'umqcuul5', 'sh9w4ipq', '8nu8qsdq']
3481	['f96qs295', 'tra5ewc5', 'u8mu4yga', '3yi44xfe', 'jjh1z5c6']
3485	['3sr2exq9', '8j3bb6zx', 'k0f4cwig', '6qkjwsst', 'sv48gjkk']
3486	['zpxnr9s9', 'na3c21pf', 'dx53hxej', 'ek5zfb8f', 'bumpnp7q']
3491	['mlozjg9h', 'iqr3zzqz', '306381wy', 'ueurvoyh', 'oc9k32zx']
3502	['ufzjvdho', 'eml8uilb', 'jo489zm2', 'ouno4jpl', 'y6ufb4l6']
3503	['3u3i5myh', 'ijzoa0yn', '929rrh59', 'ruewzstg', '9kfs73sr']
3507	['05djnz4p', 'ngywgodg', 'ouno4jpl', '6e444g2z', 'cgc0v1dg']
3508	['tdxrx9se', '4cy3er3y', 'io8mozoe', '5y6gjl2t', '6j45mmjh']
3509	['2nj7rn4q', 'mg9kypvn', 'shfkl0bs', 'bpv5wgm5', 'wgfdd3lm']
3511	['ngbnnpni', '1qwq3jme', 'wgfdd3lm', 'toy8i1lm', '8aosx41e']
3518	['9kk8pevp', 'wjktna81', 'pn516wom', 'fynl88p5', 'qbj8n8h6']
3529	['k4ttbbix', 'uv5jctnd', '43eh69dx', 'x64zft78', '5rpd8d0t']
3549	['75cnqi4v', 'h4sbz3md', 'eomtjrgc', 'tq41ioyt', '5kz2s7ag']
3551	['7j4i6eud', '9x5k7we8', 'm1tv7mgm', 'ewbtb3yc', '9f5i6crg']
3566	['5vx2ylui', 'vp2t4xkn', 'jswlq6wp', 'q9bwvh0t', 'vwrhypnl']
3568	['von13s78', 'tpswy2g5', '6a6tyvtz', 'hjdt44rc', 'eoumpu50']
3570	['7a7oi5dt', 'q9bwvh0t', 'iw3wv973', 'd44561hh', '9ok153yl']
3573	['6rpm4phy', '1ma4hp52', '5o5go248', '4hmecfi0', 'pqt10xzt']
3603	['iwd8nkls', 'xpqfpizp', 'gmp22v65', 'cfkeqgj3', '312cg7b7']
3617	['dsfbmhbj', 'q9bwvh0t', '81rxs247', 'ecro0w9n', '855atuue']
3626	['nr0fu2qb', 'iu1d9i57', 'umvrwgaw', 't0iw2vod', '1s8jzzwg']
3647	['ec3pmvih', '5nv3ec5l', 'hhswage4', 'vqswp96l', 'wdvuweiq']
3660	['saxtdqvh', 'o4ri7t16', 'ph7lkuus', 'mfziqu80', 'ls4qfvwq']
3719	['xld7ztx5', 'a7frertc', 'j8d47de9', 'vgffg4c1', 'v9y1iw3o']
3732	['ax3e82js', 'r76tqrwz', '0r580il2', '1l4o9pko', 'jiunpwz9']
3733	['ax3e82js', 'r76tqrwz', '0r580il2', 'jiunpwz9', 'm0598zrc']
3734	['b8mx2wrg', '5yi8lm2e', 'klqji8gj', 'or30thq4', 'zy48nad1']
3735	['u0vhs2d7', 'ghssymgb', 'ijlgjdep', 'ng9o0svz', 'bla8a6uw']
3737	['2tre0wat', '9b6cepf4', 'qdw86v8i', 'db8fl9d2', '763v4duh']
3761	['jz3gnise', 'ijlgjdep', 't4custhp', 'ng9o0svz', 'apg2n9sg']
3764	['sljh3o2k', 'rcsohu4m', 'a2m0wswj', 'sdumu9yd', '0q79jqbo']
3798	['7xt894vr', '9x9toshx', '998a0aoc', 's7wykoze', 'n6d6ebhm']
3801	['7xt894vr', '9x9toshx', 's7wykoze', '7omyaap8', 'rztwiflt']
3804	['xmqdk2wz', 'oyplh9cn', 'r4btmprw', 'niw61l9r', 'tgrh7ap4']
3808	['ncfvllzi', 'gg5c8v7d', 'p94qntyb', 'nnp6sv19', 'dx2cx9lx']
3838	['s9lkvzpo', 'pta8enbu', 'pgek4scy', 'b36vq2pj', 'ksveiiid']
3843	['y74qhqw7', 'fyy42zaf', 'xn2zi1uq', 'npbzxwgu', '06fwhyac']
3844	['4ohgr8j7', 'ca1v4k3h', 'fe72aj3a', 'hg1q14gw', 'brt4zrhe']
3857	['2damkjcs', 'cht8xf0x', 'h7f3bkc2', 'bdxzphjb', 'cmx0rkvl']
3874	['gw9hkw00', 'dljqpvyk', 'ngzjvjlj', '1wui9gwa', 'g4i4hkhz']
3882	['pvshw2pn', 'tdxrx9se', '1zbsbcdd', 'g0g84bqy', 'fbcu88lv']
3906	['9zco6ofx', '1ihib857', 'd2s3170w', 'rr87vhd0', 'wm6iem8d']
3908	['d2s3170w', '1ihib857', 'rr87vhd0', '9zco6ofx', 'mkl7rvr6']
3914	['asphtor7', 'uhs1nz2s', 'axxo94cr', '66fi7e69', 'b6m1c6jr']
3920	['s7v66pvg', 'n3swuykg', '3v240tcz', '5rsxnrdr', 'gvn2v6rt']
3926	['9ige2pwd', '8xrccucr', 'otp1atui', 'oynbwas9', 'ifxm3j4y']
3941	['furicopj', '8xvqq5eh', 'bmrxgkz7', 'evuixig8', 'ehszmbnc']
3942	['c3wkwn0u', '8nu8qsdq', 'umqcuul5', 'tloczjn5', 'uukdrm6y']
3944	['qfq1nfcn', 'zvlbs4cc', 'apx6a4yb', 'ssskg86y', 'xnrp2tpd']
3963	['dnm7s947', '8g70j0qw', 'lbxg93hl', '3zdv9zim', '60en5zy7']
3995	['92tvskxw', 'jveh2w09', 'pn516wom', 'ijoyk390', 'f2jzz41d']
3998	['vy21fxfd', 'nzfpgxa0', 'h3tor88n', 'leqluxpl', '0njpdbv5']
4005	['fcb8egak', 'eje3i558', '38d6gb7o', 'cj7tcpsz', 'y26bsn0n']
4016	['soa71kwx', '65efipbi', '3kng7qea', 'vmmztj0a', '8m59whf9']
4020	['8g70j0qw', 'lbxg93hl', 'zowgwnjq', 's82tyeis', 'iepagac8']
4055	['p8ckcvyj', 'rc6cza9r', 'clrlg58a', '14tv9r5q', '7lli72ph']
4066	['trrg1mnw', 'dcfqvp4p', 'n2kn7o67', '376x58k1', '00ugdhvf']
4073	['io8mozoe', 'dmqk247e', 'y442ugst', 'ncbjncfx', '4cy3er3y']
4075	['v5beddu4', 'plzklj7c', '9ixpj162', '9e6g15iw', 'k36t200n']
4077	['v5beddu4', 'plzklj7c', 'l63d9lyd', '9e6g15iw', 'b4mjo92p']
4081	['66obkrxp', 'qlfp54io', '0jvoa3ui', 'sb5ce0g3', 'j05hs577']
4093	['v5beddu4', 'plzklj7c', 'k36t200n', '9e6g15iw', 'l63d9lyd']
4099	['t7xaqtgo', '6a1fl65b', 'yt2fp8zl', 'cq5z8lqu', '5dgggmv6']
4153	['um4v5qr3', '2kd89h12', 'est5jx7g', 'trrg1mnw', '2jdlavwj']
4169	['rm6av6sj', 'vpoqfm7d', 't13pehgc', '18b6ikq3', 'wa5rxe76']
4177	['07a30kd9', 'h61b3bsm', 'jghu52qi', '0g4naq14', '5ah2yf59']
4186	['3x6u95w5', 'ozt85cz2', '5sfojk7y', '3xvphg52', 's44gtutu']
4189	['ax3e82js', 'r76tqrwz', '0r580il2', '1l4o9pko', 'aakzdkcj']
4197	['41yfx1ev', 'xochpgld', 'gc9eg5j3', '039k70vs', 'urj0nssb']
4199	['io8mozoe', '4cy3er3y', 'yg0ovmu5', 'dmqk247e', 'btao9cun']
4205	['fo815n5l', 'htpyn9ve', 'e56ivoz7', 'zcwh1892', '18swtk61']
4218	['nom4z0tv', 'a0q61mpi', 'uyb0of5p', '0mwz8kwo', 't0iw2vod']
4220	['3c1fujrd', 'psk1lnff', 'ihgxtu8g', 'vymre7uv', 'i88ccp9w']
4224	['qeqd4soe', 'roe6g61u', '9wnkmn27', 'sywxrxmf', '1l4o9pko']
4230	['a5w7tbtp', 'ehmy9al1', '04n7uz4s', '5f5npz07', 'lyhdeks1']
4241	['8xvqq5eh', '02bk8vtk', 'u10j114l', 'dh3zqjbz', 'kupt3km8']
4254	['li8kvzdh', '6pn9jwfn', '65efipbi', '121p2shq', '3kng7qea']
4270	['53v1olqq', 'uazqkay9', 'bzn7wd36', '4vq9ljlg', '8ko2lc1b']
4271	['bw6a5gmy', 'ouno4jpl', '1hfvmyfs', '6e444g2z', 'r1tl2hrk']
4276	['1s8jzzwg', 'a0q61mpi', 'w1bx4a7v', 'h7ftu3ax', 'z86g8dzs']
4294	['ktm0akxd', '5t16srpn', 'dblqryhy', '0z7ey1nm', 'q93luiw2']
4299	['hunepli1', 'dsfbmhbj', '2r0a357c', 'gha1wg4w', 'wtovv1jy']
4303	['a9prti0f', '21qgukm1', 'n2ih64pz', '7o7v0ewg', '8p0xdqba']
4312	['ixvsemvw', 'ipdrujuv', 'ris1h7o2', 'pspko62f', 'bfmcqcq1']
4314	['5u63aqo5', 'h3tor88n', '2a12nsnl', '0njpdbv5', 'd06npvro']
4335	['zmkvs7e7', 's82tyeis', 'konern28', 'dnm7s947', 'z33cg3nj']
4349	['c5be70t6', '121p2shq', 'txnegebz', 'l0b99hye', '3kng7qea']
4376	['mjb3ip7a', 'spfc0fc0', 'ax3e82js', 'bzeqs5oh', 'a40yhtqk']
4382	['g4k0ksr8', 'v1ei9im8', '88ivkkaw', 't1rtrbtd', '752z66xr']
4388	['li8kvzdh', '6hl6rtsh', '59u9ezr2', 'pjh2lr22', 'c5be70t6']
4392	['iiafud87', 'm45teajz', 'hb3wcm04', 'k8xp61uu', 'wjktna81']
4411	['l4y7v729', 'qi1henyy', '3h80bn0k', '30pl5tx3', 'uyb0of5p']
4418	['5sfojk7y', '3xvphg52', '10dkpj5h', 'gkf3wez8', 'wge6a6sy']
4423	['9b6cepf4', 'db8fl9d2', '2tre0wat', '30pl5tx3', 'qdw86v8i']
4449	['li8kvzdh', '0mwz8kwo', '6hl6rtsh', '4vjpu9t1', 'pjh2lr22']
4456	['li8kvzdh', 'e7uvbra5', 'eu2vjpw9', '6hl6rtsh', '2f09vauy']
4459	['apfimvix', '4vkkaqhz', '5iudn4kq', '5nr3j1ew', '5azti19e']
4460	['li8kvzdh', 'e7uvbra5', '121p2shq', '6hl6rtsh', 'ljpeq5aw']
4478	['q9bwvh0t', 'o1xsjx2p', 'sykjpaz2', 'qp34apct', 'ulfz0b15']
4480	['kkbkh4yi', 'tx2krngu', 'jbpocl1k', '8sed3htx', '39tvv57g']
4496	['8bjfoa9g', 'y14lw5b2', 'sijfzd2o', 'unl3n0tn', '9v6f2274']
4497	['1mu1o8rj', 'uliopaz0', 'dksw5yzp', 'gc9eg5j3', 'g0cgjlok']
4498	['n5qfwl57', '4kfbs7j4', 'ncfvllzi', 'zvmwubuk', 'z2jtzsl6']
4506	['bf42staf', '105ezycx', 'kd7s0mqd', 'w7wdq05u', '0rrhiw9m']
4510	['hbyxy4ln', 'lhx0it2z', '3mfwweyr', 'ngbnnpni', 'nvphu1fm']
4514	['8aosx41e', 'wgfdd3lm', 'mg9kypvn', 'iez1j9jn', 'hbyxy4ln']
4529	['v4ubd1l6', 'b8c309hj', 'w25jpub7', 'mom4y7cl', 'ez1l3m4o']
4541	['x9zg7ulr', '5s1uj2qi', 'veeavho5', '6ulvk9hv', 'ereh4ub8']
4544	['3b63v8ja', 'gpdr4gfh', 'rjhe893f', 'w5rk8luy', 'odlf9z1w']
4561	['1s8jzzwg', 'w1bx4a7v', '0mwz8kwo', 't0iw2vod', '844229sb']
4584	['1s8jzzwg', 't0iw2vod', 'nom4z0tv', 'usyduiti', 'w1bx4a7v']
4586	['qdw86v8i', '2tre0wat', '9b6cepf4', 'db8fl9d2', 'e63j8gci']
4595	['pq85mvab', 'v0qj8l7i', 'lt7qsxxh', 'nxabdur3', 'h1sura49']
4610	['hhy9g1yf', '164yx77a', 'in9a3bvi', 'd0lulco7', 'gjustwrb']
4626	['xsqgrd5l', 'wq92nfnd', 'f80cfjrn', 'f3swmk24', 'opjfy3xr']
4640	['tmdsyzyt', 'mt61b7o7', 'd7tk12u2', 'ndhhy1xt', 'akgsbxol']
4670	['1hfvmyfs', 'ickqi7iw', 'edz3up3a', 'd78zcfls', '9x1d1kp1']
4676	['q9bwvh0t', 'o1xsjx2p', 'sykjpaz2', 'ihler8r0', '4vkkaqhz']
4696	['6a6tyvtz', 'hjdt44rc', '7obhnmah', 'hu2lg6i7', '86auifl6']
4697	['1s8jzzwg', '8je46886', 'f96qs295', 'opjfy3xr', 'wq92nfnd']
4706	['6a6tyvtz', 'vwrhypnl', '5vx2ylui', 'k457kqlo', 'g0g84bqy']
4707	['von13s78', '6a6tyvtz', 'hu2lg6i7', 'mgwx0u6x', 'vwrhypnl']
4708	['8iqs6jko', 'g57r3son', 'q4aqkr0w', 'bmmdygbs', 'dxrltm25']
4709	['von13s78', 'hjdt44rc', 'g0g84bqy', 'hu2lg6i7', 'vwrhypnl']
4717	['rr87vhd0', 'd2s3170w', 'w3d33mq0', 'r0taoqsw', 'hia647nr']
4720	['1w3x0g42', 'tplp90or', 'cr2cute3', 'bu59aji5', 'li8kvzdh']
4724	['2uy0jjdh', 'hkk23tqt', 'z92xqedn', 'uvhzw6c9', 'ahxldfao']
4726	['dmrtj9xl', 'tp6co59t', 'yq0c19sn', '1tprqj4t', 'tve9hgsq']
4730	['jr92ou2e', 'b9nsh19x', '5rdsn2mn', '4socpj73', 'ca9uxrtc']
4767	['f96qs295', '9b6cepf4', '2tre0wat', '0imnd2q5', 'db8fl9d2']
4772	['9rgv88qf', 'z152rm9y', 't5p6z0wv', 'eazb8y8k', 'c65kvmic']
4782	['octtj2vf', 'wcq3qqt4', '80yu5aiv', '8je46886', '1s8jzzwg']
4785	['fdkt6moe', 'ltga2btq', 'jbmzvljk', 'tffpan0f', '8l5i1z27']
4804	['zs6sjlyn', '53v1olqq', '5vpnmw3f', 'gsplo37j', '2w68g7cv']
4809	['3cr97dii', '1vd4j3qc', 'b0wy5zz4', 'n5c0hcwn', 'mi6bdisx']
4814	['wcq3qqt4', 'octtj2vf', 'vrs88dcy', 'vndj6f7w', 'l2i3aa3k']
4822	['3kng7qea', 'li8kvzdh', '65efipbi', 'soa71kwx', 'vmmztj0a']
4853	['7zngkwoh', 'y43prnko', '1vcc1khg', 'w3ls1d7w', '844229sb']
4884	['ckswlo9o', 'nd5r4yt4', '46je80h6', '49q2xxkw', 'yjqt74q0']
4894	['ypls4zau', '9n7bkayx', 'mlo8zypy', 'maxbdi99', 'cmry8aea']
4901	['szekvw7e', 'oxa060jf', '9iz8papc', 'tlr243il', '3jfok14h']
4928	['pcekcvwr', 'ahpkmffy', '87fruomm', 'pxpghfhq', '9xpbwf9c']
4955	['kl2766oe', 'ch4ouyvj', 'xwax7o13', '2ax0z8r6', 'u8t64wmg']
4962	['nzy970he', 'bhleyzhc', 'isk5cu0k', 'ko8lyoob', '9pn62o4p']
5001	['e9ntnp5r', 'ug239kup', '08bw0h8m', 'b2oi45ei', 'zv8xt1dd']
5004	['fq9wx29o', 'y2zcwcic', 'l2i3aa3k', '7qpwux9w', 'f6l0hwyw']
5008	['1peg3502', 'fpexa30s', 'jbmzvljk', 'w45ih46q', 'dudc5eh8']
5020	['1v8xf5uy', '25aj8rj5', 'hsm75cww', '1ik8lrid', '5xk20hs5']
5022	['9s9ctu9i', 'jvood8ur', '6nsoj5we', 'n006o856', 'ji3s6rnu']
5039	['gjsrfmj4', 'in69fhw9', 'hgcsfxwo', 'wubcq0xx', '7d6snq1v']
5048	['a0q61mpi', 'mkgszhkk', '9b6cepf4', '1s8jzzwg', 'w1bx4a7v']
5055	['w45ih46q', 'vhjzjdou', 'y5a9xtr5', 'z6elaxpc', 'ruewzstg']
5069	['8l5i1z27', 'su028g3j', 'cj3cpn5j', 'xui25c83', 'x924tb4t']
5082	['9b6cepf4', 'qdw86v8i', 'db8fl9d2', '2tre0wat', 'zycgczqy']
5084	['od5nnxvg', '5zn5mgi9', 'aawjla6h', 'fxvro3wl', 'ach2lhhe']
5090	['r4btmprw', 'xmqdk2wz', 'tgrh7ap4', 'ho6qjkyr', 'yrq57wgs']
5097	['hduwjbtq', 'fi7a0qvj', '59xux3di', 'n2rec4i8', 'hpr8rt9n']
5098	['w1bx4a7v', 'xtraspw2', '8je46886', 'qi1henyy', '1s8jzzwg']
5101	['khymg0zr', '5zn5mgi9', 'nwb7qf9l', 'zc10b6j5', 'pc2cnhjd']
5107	['8b0bjxdt', '80yu5aiv', 'f4jx3b2q', '726t123x', 'qi1henyy']
5109	['yw81byd0', 'ickzzm6y', 'ps5crd29', 'evuixig8', 'n5sei1oc']
5111	['qp34apct', '2qcuygax', 'bh8zshy9', 'y349r3r6', 'j4p46aiv']
5154	['ivy95jpw', 'qeqd4soe', '14alhxc3', '1l4o9pko', 'iu5ndsxn']
5178	['0x3uihto', 'mrxpmqw8', 'ojw27c8o', 'qpgvrtee', 'hpcqbohs']
5184	['dtja6m6w', 'hjmjav50', 'pavd7sj3', 'i5cfk52j', 'n0zppf8v']
5190	['7yias3rj', 't93vc14m', '7hvq9qaj', 'lxqsc60e', '095g2l66']
5212	['u3ympejy', '80t2ovkk', 'uzc6r1jr', 'jvo0nk3w', 'ijsn8d7b']
5218	['jr92ou2e', '5rdsn2mn', 'ca9uxrtc', 'b9nsh19x', 'y7v9zc6w']
5240	['h65g7bf2', 'uka69z83', 'tgstsac6', 'bcraqemn', '60la1jr7']
5242	['3kng7qea', 'yn2aylru', 'uk67ac2r', 'o3bp0837', 'lpbb4rga']
5255	['py2ygpzt', 'yy8mbw1a', 'ogdqq3dl', 'ynskrokg', 'acfa95vw']
5276	['24t0lunz', 'i5h0gm3u', '5rpd8d0t', 'vq9m9m94', 'x64zft78']
5298	['9b6cepf4', 'db8fl9d2', '2bpyvgv7', '2tre0wat', '5z0xwlxp']
5303	['vwmjf326', 'a4kjk836', '7pcnf2iv', 'k9xhphpl', 'ywusapij']
5311	['f6li7qil', 'mo3y3mau', '53x6do07', '2qwv6wzq', 'k2zrdjyo']
5313	['5z0xwlxp', 'uyb0of5p', '3h80bn0k', 'l4y7v729', '9b6cepf4']
5317	['2firaix6', 'feecx1ig', 'mt0c57cp', '5g70w76j', 'av3sm2kb']
5320	['wq92nfnd', '0mwz8kwo', 't0iw2vod', '0emibwp3', '844229sb']
5323	['r58aohnu', 'ropgq7tr', 'yrowv62k', 'x9sfgtim', 'db8fl9d2']
5328	['ropgq7tr', 'x9sfgtim', 't0iw2vod', 'wzqdo1st', 'qi1henyy']
5333	['82afil03', 'qxqo23i9', 'btao9cun', 'r09wzv43', 'c2manjgx']
5366	['9pb2eqoa', '8je46886', 'u8mu4yga', '844229sb', 'h7ftu3ax']
5399	['qeqd4soe', '14alhxc3', 'cntmsia6', 'rp9opdmd', 'd21lvneh']
5410	['qqwqmn2z', 'e04rm758', '55hyrgvk', 'fdn6h4gi', 'ja4oo96l']
5430	['e7uvbra5', '2f09vauy', 'ljpeq5aw', '5bk0w0sa', '65ois1qn']
5435	['9hzbi2yi', 'etriddkx', 'cvouxqxy', 'sjqt01gr', 'zqg1r6c8']
5441	['1vcc1khg', '8ko7mmu3', 'nr0fu2qb', '844229sb', 'w1bx4a7v']
5446	['li8kvzdh', '121p2shq', '59u9ezr2', 'c5be70t6', 'soa71kwx']
5455	['4hog76lx', 'ej9qbrt8', '34eot3zh', 'vbx8khih', 'oe4bzale']
5460	['qcssljgq', '7pbrnn2g', 'wizlpkrk', '1l10diya', '4bw26042']
5464	['cd81i918', 'uc316ncl', '39zvwm0s', 'gof2of9o', 'nhkd88yv']
5480	['53t1mhnb', 'nt1e70dv', 't3dzso36', 'x73moqog', '2j11uxmx']
5490	['2damkjcs', 'h7f3bkc2', 'cht8xf0x', 'skm4qtgx', 'ff6amr0c']
5492	['z94skip6', 'z77wg8j9', 'wgfdd3lm', 'mom4y7cl', 'o43e6aid']
5497	['nxabdur3', 'lt7qsxxh', '9avmlz30', 'du8wmh6n', 'a242g5kg']
5506	['9xxv8a2d', 's6kdchlo', 'yr7ow4m4', 'lzsbte0j', 'i6qoo03c']
5512	['518rjfnc', 'zd8276gs', 'dbxufi3m', 'uqpxs7et', 'pmd1n2l1']
5515	['vqbs5ot5', 'geo7ac5i', 'g9ao6ruo', '3itek36y', 'x44oc1k6']
5523	['6j9x3pn5', 'l9lj98b1', 'bgsbbszf', '3xzivp7d', 't7bonus8']
5532	['tk0iwpnb', 'wt5qxe0j', '3z9ubx09', '81rxs247', '7wu8bfo4']
5535	['dqhdws5k', 'trmwm9qq', '9aw78s63', '7esjlc7i', '3m9yonqe']
5623	['zvmwubuk', 'n5qfwl57', 'ncfvllzi', 'gg5c8v7d', '723l0buc']
5648	['lxzmiehr', 'icnjhhyy', '4mp1iu55', 'glkjxl0t', 'yw8a1ssd']
5663	['3znsneqq', 'h0ex5siq', 'ielatiaq', 'w1d83bkb', '7vsv726x']
5667	['jdg8gsve', '73b58lcm', 'jw6kh8os', 'h2u5w4a8', 'wda18u55']
5668	['h4kc04w0', 'f3eogz0n', 'e6m1tkrs', '2cwvga0k', 'vqg3yx5m']
5671	['xt696aq9', '2bm389su', 'j4bfn87k', '70nbsrl4', '4vkgn3yt']
5686	['o78vcy90', 'sfm82h0g', '0furaib4', 'fdkt6moe', 'foy3dsq4']
5695	['9oejm9sc', 'ey0r1py7', 'octtj2vf', 'db8fl9d2', 'e63j8gci']
5719	['8acldtv2', 'h2h4bnd5', 'lpoxaetv', 'jgs4jszx', 'opckeugf']
5748	['mkgszhkk', 'a0q61mpi', 'z86g8dzs', '8je46886', '844229sb']
5762	['ckx305ue', 'bpu3hpbn', '50frs197', '46no7uq8', 'xi2whtvr']
5764	['j58f1lwa', 'o5k6mqid', '2ehuuvnx', '5detaogc', 'r4yukmwe']
5765	['zh939alw', 'qpzg8lam', 't4os33em', 'n9zqc1gm', 'ocwetgv6']
5811	['y43prnko', 'w3ls1d7w', '1vcc1khg', 'ropgq7tr', 'x9sfgtim']
5814	['zy48nad1', '5yi8lm2e', 'pggf4wyo', 'f64tksb4', 'msra1ghp']
5817	['41yfx1ev', '7f5nywod', '4co920gp', 'sf073cmj', 'n3xm6c0y']
5825	['8qdcls1k', '353wr671', 'ogchq8gz', '3u3i5myh', 'v5yny0dw']
5830	['3u3i5myh', 'ijzoa0yn', 'rc5d6wi3', 'z6cdyy0w', 'v5eth1m3']
5835	['y3fagw3t', '0cam9ipf', '7rujn0d3', 'hcuxj2k7', '24m4rh9w']
5847	['y930bpqt', 'eztw9tx6', 'cdltu9vs', 'gw1pr7fw', '95ca9lgf']
5851	['v6qgjuas', '4iubzi36', 't5k8o6sb', 'xyuj1j57', '42wh36ge']
5858	['erygg5u2', 'l00jvzth', 'n9zqc1gm', 'enkjb39u', 'pf45ex8k']
5887	['grm6kfx7', 'r99924c9', 'yhun6hid', 'yb6jk5j0', '4rzogopt']
5891	['8bjfoa9g', 'y14lw5b2', 'sijfzd2o', 'wn98fql3', 'unl3n0tn']
5893	['n1r841sz', 'r4q0zqam', '5ct9pio6', 'eahv0nxf', 'd7eshkim']
5899	['eflyypev', '5azti19e', 'ldmjcf2n', 'roz3qo2j', 'fup55b95']
5951	['lr20prun', 'octtj2vf', 'lkb09vs8', '2ehuuvnx', 'f4jx3b2q']
5954	['5gq0wqej', 'zjbclhj3', 's9rwv5x3', '14xuei7l', '2firaix6']
5955	['1s8jzzwg', 'f96qs295', '8je46886', 'w1bx4a7v', 'h7ftu3ax']
5976	['io8mozoe', '4cy3er3y', 'tdxrx9se', 'dmqk247e', 'deas7kr0']
5986	['rb20ge7e', 'x73moqog', '2j11uxmx', '5jlohhmv', '7xnga86x']
5999	['b7llp5r7', 'yhmcx7ae', 'ln6t374j', '868txjrw', 'tlknj4hm']
6011	['io8mozoe', '9oxajwkk', '5eo7wfle', '4cy3er3y', 'rjelshrp']
6013	['ln6t374j', 'tlknj4hm', 'rjelshrp', 'bgiyvqgw', 'g5uu01aa']
6018	['io8mozoe', '1tqwmy8m', '868txjrw', 'ln6t374j', '8v7h87yc']
6030	['9b6cepf4', '2fokjcjr', 'db8fl9d2', '5vodag6c', 'l4y7v729']
6033	['trrg1mnw', 'hsm75cww', '5xk20hs5', 'ynaxwnlp', '2jdlavwj']
6048	['8lzpz58y', 'lgtpeqhw', 'w50gorzr', 'rwovxw7a', '4kgnx00l']
6050	['ut4d68ti', 'lcqxnrge', 'rnvc43go', 'ce1a9k8b', 'rcaxap24']
6051	['9ixpj162', 'cwdtyr1v', 'v5beddu4', 'plzklj7c', '9e6g15iw']
6061	['sc40pmn4', '1iclw0nt', 'iseh0z9c', 'dkn85i8r', 'e8fhlo37']
6073	['fj6l76hq', 'y43prnko', 'dhd9e9bn', '1vcc1khg', 'w3ls1d7w']
6079	['zcmaqar2', 'edmxk1wi', '798ajlwl', 'p82l6d9a', 'kmpsg94i']
6088	['71x3b75z', 'is9a77dk', 'klh90lvp', '10l6kx3e', '46c98cvm']
6092	['fpexa30s', '1peg3502', 'jbmzvljk', 'o78vcy90', '0furaib4']
6104	['lp0r7j5c', '32ut5vr7', 'sgokzw5i', 'f5twvg9g', 'lj37a4xn']
6109	['cfbj6ize', 'xj1nw76b', '5c1e0770', 'z218oii3', 'waerqfzu']
6117	['kq0cu73r', '611ih9pl', '46r46ja3', 'g99myvw1', 'gobik7kl']
6129	['8je46886', 'xtraspw2', '1s8jzzwg', 'z86g8dzs', '844229sb']
6139	['is9a77dk', 'uxz185vr', 'byvsuvn0', 'ny7wkswf', 'eyhgtpe0']
6143	['5jwuluy9', 'vnsag9fc', 'sajmj1jw', 'ijp87jav', '1fxb5vru']
6155	['b0wy5zz4', 'g0wujywh', '1vd4j3qc', '3cr97dii', 'mi6bdisx']
6169	['104lecie', '8cvjsisw', 'e9j4b00a', '75m13rha', 'ivxvry3u']
6179	['00xnsdt9', 'hitaptnp', 'xh723tgl', 'rhgl6vss', 'ay7gv9lv']
6202	['xnrb0byz', 'qeqd4soe', 'rh2jrojk', 'mo23hpe1', '9wnkmn27']
6204	['sybr04qy', 'kn9b4v8j', '55lbj72e', 'c8f8yqpp', 'jfjxujwj']
6222	['xxuctcyq', '9kf9anqf', '89n52jny', '80dfqjql', '3ss714ha']
6261	['m69ceq2t', 'oyr4klqk', 't7xaqtgo', 'yt2fp8zl', 'uohbxoeb']
6275	['t0l6mlm5', '6g4oclln', 'wcmxmahq', '0vy5yifk', 'e6miaabh']
6276	['7d6snq1v', 'mqyu72nc', '81rxs247', 'ydh4ve24', 'gjsrfmj4']
6279	['sh9w4ipq', '0w6ddykt', 'u1tv6n5s', 'o3fyh10z', '3sr2exq9']
6292	['ncfvllzi', 'lgtpeqhw', 'gg5c8v7d', '4kfbs7j4', '723l0buc']
6294	['xz7yzr2f', 'dny9rgv9', '7o7v0ewg', 'omk29wlq', '6hl55c60']
6296	['nblbacmn', '6hehg1yf', '357sbvyt', 'czcx5xwb', 'mqu6d8sp']
6301	['h2vct9h5', 'adh6j7m1', '9f5i6crg', '0retx7ty', 'jfftgjta']
6304	['71ywsj3a', 'z77wg8j9', 'z94skip6', 'yy77zuu4', 'nl1ud0rz']
6317	['h4cu63cm', 'c0i45oix', '8ljnxihr', 'spfc0fc0', 'jtgpzrf9']
6325	['y7lrp0gc', 'lgnhlxgd', 'fasjkg7r', 'hvp47bm2', 'kjf63oug']
6326	['imivfkaj', 'gu4mz2vp', '3ss714ha', 'qfrenkb6', '307rt03e']
6333	['925f5ucu', 'q6ho9pdk', 'ruw45n81', 'i4bb531h', 'az7f7zgr']
6341	['u9nmqcgs', '8ymu432a', '6o7q57xl', 'lvykuqv8', 'gz5ez8cz']
6345	['5zhjn3u2', 'urv9o2f1', 'ro3k6q06', 'wehqqbjx', 'ngpl6xs1']
6353	['1wui9gwa', '3o91v72a', 'nt1e70dv', 'x73moqog', '2j11uxmx']
6356	['qeqd4soe', 'roe6g61u', 'sywxrxmf', '9wnkmn27', '1l4o9pko']
6379	['qeqd4soe', 'zqzs6vtf', 'ax3e82js', 'r76tqrwz', '0r580il2']
6394	['72jwlfqr', 'lxdcelk1', 'x84su3ki', 'f6vau5s6', 'k18k0kuk']
6396	['ynwc739g', 'fdn6h4gi', 'yfdcgilr', 'pkoux9yt', 'pocvjjox']
6417	['6ti9w1pn', 'wrkx7qyo', '2nthllnv', '0d77ojnb', '1h9ewx5j']
6418	['nmh6luou', 'wxxi37v9', 'sazglyaz', 'fp81ceeu', 'u3ihnglr']
6445	['26kx1b0h', '8zufbeuz', 'm5udbs4f', '0oq0xmzr', 'tpic8ddl']
6455	['zp93k874', 'xe2a9x07', 'p1w0p6b3', 'uyrg5bed', '19d29mnp']
6467	['q473xazz', 'psaq958v', 'l72grjbg', 'dx9hez38', 'rwk954dx']
6492	['k3mz6lf1', 'zbkx78mm', 'nfem3htm', 'r6943zpb', 'ncfvllzi']
6525	['47d0wl98', 'j58f1lwa', 'g4250q6l', 'w19729nl', '2ehuuvnx']
6533	['ajzl3y46', 'azhnpsyu', 'ot1uz6vc', 'b7llp5r7', 'awm7dj9o']
6540	['sgj526ne', '9colibhs', 'ler0t9o0', 'ym5my5st', 'l07q84ni']
6545	['oxa060jf', '78d7vub4', '9iz8papc', 'ynaxwnlp', 'trrg1mnw']
6551	['r0pzpont', 'v0dkbn5l', 'furicopj', 'yjbmi8ur', 'liip39ku']
6576	['t0iw2vod', '1s8jzzwg', 'vvmb92wo', 'ohkki0ke', 'x9sfgtim']
6612	['7f5nywod', '61ltmgyx', 'oeudi6lr', '9a27s0zn', 'n3xm6c0y']
6623	['uxxrljse', 'zqg1r6c8', '8nk7pplh', 'ncfvllzi', 'md0drb25']
6625	['78d7vub4', '9fsk7ftz', '0w905c2x', '8w43qkqu', '2qcuygax']
6637	['e1mtdo7v', 'f15foaf2', 'ep9moftg', 'g5uu01aa', 'ln6t374j']
6681	['8je46886', 'qi1henyy', 'xtraspw2', 'w1bx4a7v', '1s8jzzwg']
6685	['0clp6zt6', 'dt2pew66', '844229sb', 'mkgszhkk', 'f96qs295']
6707	['8jhwamfv', 'zmk8bbcd', 'h1mo3bs8', '95wclabe', 'ozj6zju8']
6720	['vzdu9jwn', '3km6yfr6', 'q9qtteqs', 'pjhu8xdh', 'to2wxs8m']
6738	['oyr4klqk', 'bzeqs5oh', 'hn6clwoj', 'm69ceq2t', 'uohbxoeb']
6747	['cq5il80s', 'khymg0zr', '33wqmdnk', 'dgng39yd', 'icgsbelo']
6749	['xj1nw76b', 'cfbj6ize', 'z218oii3', '5c1e0770', 'xm1000xv']
6765	['pc2cnhjd', '4p6fcy8f', '08bw0h8m', 'ykxr9q1j', 'zc10b6j5']
6766	['incbwgua', 'rn8eezep', 'a4fj3c5e', '6twwcp47', '8ymu432a']
6773	['ykxr9q1j', 'l9lni5d3', 'zc10b6j5', '4p6fcy8f', 'pc2cnhjd']
6774	['1y1ik2u9', '9169o29b', '4p6fcy8f', 'olhgu24h', 'od5nnxvg']
6778	['dsfbmhbj', '81rxs247', 'q9bwvh0t', 'ecro0w9n', '7n4t8i2n']
6805	['ot1uz6vc', 'ajzl3y46', 'd4upbc3v', 'qaid1rop', 'd0cd89hs']
6816	['ml27mexb', '9wnkmn27', 'pvrp8u8n', '1l4o9pko', 'onlly1ga']
6822	['02p4et0u', '08mfxvql', 'b0wy5zz4', '7f33cu6l', 't4y1ylb3']
6829	['e4y6l4lx', '0gjzpef1', 'i6qoo03c', 'kvcx11yo', 'k18k0kuk']
6833	['8cviwmi5', '2rcngljf', '2qwv6wzq', '1j4w2hyp', 'c2krtbvr']
6854	['zxe95qy9', 'b4yj7vw0', 'qcxpmfmq', 'jnwuu08w', 'ysf5k0ky']
6855	['w45ih46q', 'r9qtzdvk', 's1dert6n', '08h4198w', '2hkdhwaw']
6858	['9b6cepf4', 'qdw86v8i', '2tre0wat', 'zycgczqy', 'db8fl9d2']
6864	['14he8n3u', '8ljnxihr', 'bzeqs5oh', 't30yubp6', 'llv66c9p']
6866	['u95kg3m0', 'nles7ymd', 'fw211spn', '550ik6bk', 'yfoxndf3']
6868	['vge26qe9', 'fpexa30s', '1peg3502', 'o78vcy90', 'sfm82h0g']
6874	['1adt71pk', 'tx2dwo04', 'yuv6w9nt', 'sz072p5o', 'h82s5xst']
6881	['hxyn84jt', '5vpnmw3f', 'jkff091e', '8v7h87yc', 'ebfhlpcg']
6890	['3kng7qea', '65efipbi', 'lzgwxshi', 'w036x5gr', '5zzlhyga']
6896	['1s8jzzwg', 'f96qs295', '0mwz8kwo', '8je46886', 'opjfy3xr']
6897	['2tre0wat', '9b6cepf4', '33wqmdnk', '763v4duh', 'qdw86v8i']
6900	['k8wb51i7', 'jnwuu08w', 's6kdchlo', '33wqmdnk', '5s1uj2qi']
6901	['33wqmdnk', 'k8wb51i7', 'cq5il80s', '2fokjcjr', 'db8fl9d2']
6962	['qeqd4soe', '1l4o9pko', '9wnkmn27', 'r76tqrwz', '0r580il2']
6971	['f4jx3b2q', 'lkb09vs8', 'lr20prun', 'octtj2vf', 'uyb0of5p']
6983	['xr70oiv3', 'ea78sjcs', '1ma4hp52', 'b2oi45ei', 'zv8xt1dd']
6992	['bzzln9kc', '6mzqk12f', 'me08w1ir', 'wehqqbjx', 'ro3k6q06']
6995	['ohvh8vga', '9lwtmn6c', '6frn41zd', '0qrhz4is', '3xzgv370']
7001	['6mzqk12f', 'ro3k6q06', '0aik5i71', 'wehqqbjx', 'sykjpaz2']
7002	['1peg3502', 'fpexa30s', '9195zweg', '6xlk1n4e', '8glhd9xe']
7007	['dsfbmhbj', 'wqqt6jvk', 'sbjwaj3y', 'wge6a6sy', 'rlvfk8w8']
7008	['rytalfyx', 'k7sg7gzd', 'fdkt6moe', '2ui7z8wi', '1peg3502']
7030	['0njpdbv5', 'sok0cyd3', '4vkgn3yt', 'j4bfn87k', 'h3tor88n']
7032	['8l5i1z27', 't4y1ylb3', '7a543f7v', 'cj3cpn5j', '02p4et0u']
7036	['vp78d808', 'hbyxy4ln', 'qalficgu', 'zjpxfd7c', 'cpfnva0v']
7039	['q9bwvh0t', 'o1xsjx2p', '29z4q4fs', '6mzqk12f', 'c4ihkcyr']
7049	['vrate482', '8ko2lc1b', 'pxpghfhq', 'zvngy7zz', '7pcnf2iv']
7056	['kvcx11yo', 'a3lk2q02', 'i88ccp9w', 'khkw1hhv', '49ejyfie']
7070	['2j11uxmx', 'x73moqog', '5jlohhmv', 'rb20ge7e', '7xnga86x']
7109	['ko42qlzr', 'auvehdq5', '0aik5i71', 'eywnnzxe', '6l3coibe']
7113	['suw0h7s3', 'x84su3ki', 'ca04j8sc', 'ah8mzt1g', 'k18k0kuk']
7130	['uohbxoeb', 'mjb3ip7a', 'bzeqs5oh', 'hn6clwoj', 'u0jddsup']
7135	['uohbxoeb', 'a40yhtqk', 'oyr4klqk', 'bzeqs5oh', 'zbi0llig']
7142	['uohbxoeb', 'hn6clwoj', 'bzeqs5oh', 'a40yhtqk', 'mjb3ip7a']
7147	['uohbxoeb', 'bzeqs5oh', '675v58x8', 'hn6clwoj', 'mjb3ip7a']
7152	['uohbxoeb', 'bzeqs5oh', 'a40yhtqk', '675v58x8', 'u0jddsup']
7156	['uuy94dwa', 'cj7tcpsz', '38d6gb7o', 'eje3i558', 'tv6t7v34']
7170	['1j4w2hyp', '74femexh', 'snk26ii3', 'nyvmlxqf', '2rcngljf']
7172	['721ofhsv', 'a6nbpta2', '1vyfy7i0', 'm89wmmxd', 'maxbdi99']
7178	['5o0ihd3f', 'h5fvf5ja', 'unbx6od5', 'qp8jxcdl', 'nxh1su1i']
7179	['t6de15ax', '7qz1o6aa', 'tiu86ugm', '8149l7tj', 'frxriw9v']
7188	['7f5nywod', '3qtxnbb2', 'lf6fprh0', 'bsq640o8', '4co920gp']
7190	['qeqd4soe', 'roe6g61u', '9wnkmn27', '1l4o9pko', 'nxu1xoax']
7198	['rpjg4a9i', 'z1y1zgo8', 'cfd1x420', '6ukt0gbn', 'b4161ynv']
7199	['z1y1zgo8', '25bdifv6', 'cfd1x420', 'rpjg4a9i', 'k2zrdjyo']
7200	['k2zrdjyo', 'rpjg4a9i', '25bdifv6', 'cfd1x420', 'supf8vel']
7205	['vmijl5yu', '8rp0v8yo', '2199ydle', 'tx8ypqsm', 'yjurt0k6']
7208	['j6vs6izt', 'p5ceve0x', '6hhauza0', 'lgnhlxgd', 't1vom8f3']
7212	['ixhaq0az', 'ftjrg3dk', 'ickqi7iw', 'ouno4jpl', '6e444g2z']
7224	['ksqxfx8m', 'u691yyuc', 'ce9jq0hq', 'ncfvllzi', 'zvmwubuk']
7232	['awh8y9j8', '25bdifv6', '2qcuygax', '6mzqk12f', 'k457kqlo']
7235	['xd5uhah4', 'li8kvzdh', 'e7uvbra5', 'c5be70t6', '6hl6rtsh']
7236	['7ru6tapp', '6ovv79ia', '6ukt0gbn', 'b4161ynv', '25bdifv6']
7240	['6ukt0gbn', '25bdifv6', 'solieify', 'nc60nlq7', '5detaogc']
7242	['6ovv79ia', 'b4161ynv', '7ru6tapp', 'octtj2vf', '3jn7tdaj']
7247	['6ovv79ia', 'b4161ynv', 'rpjg4a9i', 'solieify', '6ukt0gbn']
7264	['lxqsc60e', '01q4pu9k', 'asygd3yx', 't93vc14m', '7yias3rj']
7265	['9hzbi2yi', 'k87kwyox', '4war4rud', '4yp4beuh', '8nil3u2k']
7297	['25bdifv6', 'k2zrdjyo', 'rpjg4a9i', 'yaedocvp', 'r1m709hb']
7310	['zmk8bbcd', 'h1mo3bs8', 'p10cya94', 'dwcu6vyp', 'kc6dls2z']
7328	['78d7vub4', '9fsk7ftz', 'rzahax88', '0w905c2x', '5d7erbr4']
7333	['7bhue8w5', '34b511wf', 'h26a3h5f', 'fmwb9abq', 'vp78d808']
7346	['dsfbmhbj', 'ecro0w9n', '855atuue', 'q9bwvh0t', 'mqyu72nc']
7347	['xthxesgk', 'cpqeo65g', 'wt6bp8os', 'g6i3x433', '4ehxnzc7']
7357	['250glj07', 'acyexmyq', 'nvebqwwh', 'iali360u', 'km0yzqqq']
7358	['eywnnzxe', 'byw8jsqv', '73oe5as9', 'yhk50383', '2tax8ajw']
7388	['cj6o6ady', 'msg9j0lb', '4i19gysg', 'vvxfq84h', 'c8f8yqpp']
7391	['kfn2q7wt', '0fpa1f30', 'y3jx6fvj', 'vgffg4c1', '04qjro8w']
7423	['08xv22bc', '2y0sfjv4', 'icz0wnfb', 'btao9cun', 'zouscolw']
7425	['mx924s06', 'b0g8y96j', 'ha5ld7be', 'on1y4mdw', 'keaxietu']
7432	['ickzzm6y', 'yw81byd0', '0t5n87u6', 'w6i72ivp', '8ufjh70o']
7445	['q1nye2ih', 'leg5ntvu', 'snlukr6c', 'xqpsdc8u', '09jbs6mx']
7448	['26kx1b0h', 'pxo11hwp', 'lty6oq3d', 'bv7hvc1e', 'j0bu0upi']
7459	['li8kvzdh', 'eu2vjpw9', 'e7uvbra5', '6hl6rtsh', '2f09vauy']
7466	['9kk8pevp', 'qbj8n8h6', 'fynl88p5', 'vnb7g17n', 'pn516wom']
7467	['mncip6jj', '9195zweg', 'dpws8p4y', 'tffpan0f', '6xlk1n4e']
7478	['5jwuluy9', '33g2xvvr', 'vnsag9fc', 'ijp87jav', 'uarsobci']
7484	['82afil03', '6mfd3n4s', '0ml57rhr', 'xgao2qgi', '86xwnpde']
7489	['wkl3jyzn', 'jo724gaw', 'q9bwvh0t', 'ywi0a8s1', '6hl55c60']
7495	['t0iw2vod', '1s8jzzwg', 'ropgq7tr', 'x9sfgtim', 'wq92nfnd']
7497	['vj5ahoi2', 'ckorpogz', 'n7kbk9id', 'zcvumy78', 'rgso13e9']
7498	['186wyg7t', 'qeqd4soe', 'mo23hpe1', 'rh2jrojk', 'ml27mexb']
7509	['emg87q94', 'kk47kxwf', 'i57f9ayv', 'okabnt0t', 'm0zvo2tq']
7514	['nuzt4jcf', 'jnmpyovl', 'c0c60pyi', 'ud09l0la', '8d0zb0lw']
7519	['bpu3hpbn', '6xxm7hcs', '42wcyjuk', 'hg1q14gw', 'zxe95qy9']
7528	['6gb1za5h', 'npe81wc8', '8d90mc54', 'u5iqcw74', 'qh6rif48']
7529	['3u3i5myh', '929rrh59', 'z6elaxpc', 'w45ih46q', 'np1y2fkt']
7530	['3u3i5myh', 'ijzoa0yn', '929rrh59', '70s04wty', 'w45ih46q']
7533	['ce1a9k8b', 'hfaiddki', 'hsm75cww', 'trrg1mnw', '2jdlavwj']
7539	['dsfbmhbj', 'gw9hkw00', 'd9b814yp', '7hporv6w', 'hunepli1']
7558	['tra5ewc5', '0clp6zt6', 'mkgszhkk', 'jjh1z5c6', 'f96qs295']
7561	['g4nceu64', 'axd0s9cg', 'qbbwvyn9', 'kjgyjk2g', 'tuqp3ngs']
7590	['jk5tczo0', 'jn1w8h2p', 'msut5gyc', 'iu2frsec', 'wa5rxe76']
7596	['g9pwxfd2', 'rfbihylo', 's0374olh', '1ma4hp52', 'ymhg8mon']
7624	['9colibhs', 'sgj526ne', 'l07q84ni', '6hl55c60', '7g9fivhc']
7627	['v6w9mlsa', 'nq79qw82', 'p196javw', '2kh4iw8h', 'ug239kup']
7628	['srmmmyll', 'rvny2khn', '1e8cy2j7', 'tx3qbg32', 'wpuujmjx']
7629	['ewm8j8hg', 'yyfsnthj', '4jyltfus', '9mvk86q6', 'o45sziw1']
7636	['ropgq7tr', 'x9sfgtim', 't0iw2vod', 'fj6l76hq', '844229sb']
7682	['pfh6nm9r', 'cabmmgg6', 'b0wy5zz4', '0aik5i71', 'kgggepu0']
7683	['7omyaap8', 'jnmpyovl', 'brt4zrhe', 'aceu86at', '0ctlde8w']
7685	['cqsga44v', 'fxwszm22', 'hfaiddki', 'vjvyjblu', 'oxtvcoi9']
7689	['cabmmgg6', 'pfh6nm9r', 'kgggepu0', 'b0wy5zz4', 'ws3tfs1j']
7701	['4kfbs7j4', 'nfem3htm', 'ncfvllzi', 'z2jtzsl6', 'p94qntyb']
7713	['b9uc5gpv', 'tweqo3fp', 'ssskg86y', '8796x4ne', 'xkmy79p9']
7721	['ax3e82js', 'r76tqrwz', '0r580il2', 'jiunpwz9', '1l4o9pko']
7756	['w45ih46q', '3u3i5myh', 'ruewzstg', '8l5i1z27', 'a7frertc']
7759	['wn98fql3', 'hl956i02', 'l8zfuhzk', 'hqapg5ow', 'umvrwgaw']
7761	['kfohrmhl', 'mfyurey2', 'syv1rrte', 'heegb7pp', '7fociv5v']
7772	['kwqdyhn6', 'jl8d9z43', 'zz0i50l7', '6j9x3pn5', 'fbyq0nco']
7778	['w3ls1d7w', 'h7ftu3ax', '1aqf98e0', '4mx9t5td', 'x9sfgtim']
7789	['zew4tzy7', 'eq5qqshb', 'kayh0v56', 'wtxhbzr9', 'lpar7tc8']
7801	['kayh0v56', 'z2z0hu49', 'wtxhbzr9', 'zew4tzy7', '5azti19e']
7814	['1tz7y2sh', '5sx04n3x', 'rzahax88', '5d7erbr4', 't023li1a']
7819	['d26v1k1y', '9pp81nw7', 'lkjsh3fu', 'efajumk6', 'qqe331ok']
7831	['jzu70l93', 'q6svfacf', '8bjfoa9g', 'csflacrq', 'nmeua2ja']
7835	['9qbq7hwy', '92qcakzi', 'njgbom98', 'n311ptne', 'z1onkz6u']
7836	['0jvoa3ui', '66obkrxp', 'lsrpk3wc', 'tffhk1hy', '5331c0c8']
7867	['zmk8bbcd', 'p10cya94', 'kc6dls2z', '6e0yre69', 'ozj6zju8']
7872	['txnegebz', 'eflwztji', 'svgguadm', 'l0b99hye', '7kxi7px1']
7894	['5vvyd0wx', 'z0p4f7tq', 'gg2swy7i', '74070a3z', 'r0osk17r']
7895	['qfq1nfcn', 'zvlbs4cc', 'xnrp2tpd', 'y2zcwcic', 'wi1slkpf']
7896	['ngbnnpni', '1qwq3jme', 'wgfdd3lm', 'toy8i1lm', '8aosx41e']
7897	['828eqxla', 'dikrttn6', 'trrg1mnw', 'cmc02ybp', 'ce1a9k8b']
7939	['icnjhhyy', 'yw8a1ssd', '1fx7x8af', '3v240tcz', '57w1iir4']
7963	['spfc0fc0', 'jtgpzrf9', 'c0i45oix', 'h4cu63cm', '8ljnxihr']
7965	['grx4gx95', 'tmonjdrp', 'qtzhfnr6', 'sjkni2uc', 'ilt03dfk']
7968	['mkgszhkk', 'w1bx4a7v', 'f96qs295', 'uyb0of5p', '0mwz8kwo']
7983	['ckswlo9o', 'byw8jsqv', 'idlmau69', '9f0bjknz', 'z6cdyy0w']
7986	['q7pieq3w', 'mcw3ir3a', 'lzsbte0j', '2d2y5gmg', 'b870ftnq']
7991	['7cbxp6q5', 'njcrqfdr', '53x6do07', 'ovuh3qoh', 'k0oket8b']
7994	['io8mozoe', 'yg0ovmu5', 'rjelshrp', 'dmqk247e', '5eo7wfle']
8012	['qtzhfnr6', 's19w1p2i', 'gqwwfpch', 'be4afbyo', 'tmonjdrp']
8044	['u20e82de', 'wzfvqj6m', 'gzacds5n', 'eipscagh', 'v72mveyu']
8046	['8ko7mmu3', 'jmhexmet', '9ezhwvv9', 'nzat41wu', 'astxi4el']
8047	['v72mveyu', 'eipscagh', 'u20e82de', 'wzfvqj6m', '3sqy16rs']
8055	['e3e48idb', 'e7ud2rrq', 'ipon95io', 'h9i67wbp', '8n4zf9oo']
8069	['lht6lhry', 'q9d54z1s', 'bpnqz1cn', '9s9ctu9i', 'ji3s6rnu']
8070	['2btgsuz0', 'oy46vntr', '8i9xwogu', '0fma0evi', 's2jop0z4']
8095	['fiicxnty', 'jh3yfq4c', 'qh6rif48', 'ierqfgo5', 'ydv0hc0m']
8142	['i94boetk', 'fq1am5na', 'o1xsjx2p', 'xqpsdc8u', 'b6ki6rmn']
8144	['i94boetk', 'fq1am5na', 'leg5ntvu', 'o1xsjx2p', 'q9bwvh0t']
8179	['fdkt6moe', '2ui7z8wi', '9195zweg', 'edz3up3a', 'nbdk83ok']
8191	['rnq3k34m', '10l6kx3e', '6mfd3n4s', 'x7qlnugx', 'byvsuvn0']
8223	['ue58uvot', '0ogmwreb', '52x62y5l', 'r3w90vg8', '607lsqlg']
8239	['gkf3wez8', '10dkpj5h', '3xvphg52', '5sfojk7y', 'cfe6rb1x']
8247	['ihlkhh2d', 'rg3iygo4', '5q6cnfse', 'f6li7qil', 'oa60fwht']
8249	['ybwwmyqy', 'vabb2f26', 'ouvq2wpq', 'sxx3yid9', 'i6zofi4g']
8250	['0j4ind0z', 'frxriw9v', '5bk0w0sa', 'vaeh5z4z', 'hngra91q']
8270	['56u8u50l', 'ksqxfx8m', 'tl96mvyu', 'fsa9o8ve', 't30yubp6']
8281	['jn68rbvb', 'n719iahl', '4yi9iup2', 'ikoyaj3b', 'z0hy52cu']
8293	['jcq5omdq', 'h400e0kk', 'd4p5r746', 'nmdlet38', 'dij3wy6q']
8309	['duwr9b5b', 'g3hujz5o', 'xk6rp4e7', 'lvbutmio', 'h8x5cpz4']
8311	['cq5z8lqu', 'm69ceq2t', 'yt2fp8zl', 't7xaqtgo', '6a1fl65b']
8314	['bzeqs5oh', 'uohbxoeb', 'a40yhtqk', 'mjb3ip7a', 'hn6clwoj']
8315	['feovbv3v', '4mp1iu55', 'icnjhhyy', 'lxzmiehr', 'cgz5ot21']
8316	['jjiiutd5', 'tc1exm56', 'j23pvlj9', 'vxavox24', '9p73l3rw']
8321	['ba5h6uhu', 'qa2pgjvj', '6j45mmjh', 'xq525smx', 'wzz5ioek']
8350	['4cy3er3y', 'io8mozoe', 'tdxrx9se', '90323yzn', 'pkoux9yt']
8361	['s3o9v1fl', 'dfhxcqr8', 'gvihovvq', 'm4vu77v6', 'mru0mcup']
8369	['9ixpj162', 'v5beddu4', 'plzklj7c', '9e6g15iw', 'b4mjo92p']
8381	['tbs3b4ww', 'tf181d85', '2un9aggj', '5vbik12k', 'ay69e8ad']
8388	['m4hwwhux', 'x88qugn9', '3r8jbhhq', 'y3jx6fvj', '04qjro8w']
8392	['41yfx1ev', '039k70vs', 'gc9eg5j3', 'zkxrjk3p', '4mjg7jul']
8410	['qibt88f7', 'sa4ms55e', '1ucs8zu1', 's1olwzxi', '4p6fcy8f']
8434	['9nyfz7s2', 'jmu2cfnd', 'j4p46aiv', '8th933g4', 'qgxo9cr7']
8439	['m2bmp8s8', 'b31ctbat', 'eje3i558', 'qci7khki', 'mhj9o5z5']
8440	['y0mbzzx0', 'ncfvllzi', 'qmo1zzkg', 'z2jtzsl6', 'n5kgdoln']
8443	['h4cu63cm', 'c0i45oix', '8ljnxihr', 'jtgpzrf9', 'spfc0fc0']
8444	['h4cu63cm', 'c0i45oix', 'glxt2q6f', '8ljnxihr', 'spfc0fc0']
8446	['h4cu63cm', 'c0i45oix', '8ljnxihr', 'glxt2q6f', 'jtgpzrf9']
8447	['h4cu63cm', 'c0i45oix', 'spfc0fc0', 'jtgpzrf9', 'glxt2q6f']
8449	['h4cu63cm', 'c0i45oix', '8ljnxihr', 'jtgpzrf9', 'spfc0fc0']
8451	['h4cu63cm', 'c0i45oix', '8ljnxihr', 'jtgpzrf9', 'spfc0fc0']
8453	['h4cu63cm', 'c0i45oix', '8ljnxihr', 'spfc0fc0', 'jtgpzrf9']
8459	['h4cu63cm', 'c0i45oix', '8ljnxihr', 'spfc0fc0', 'jtgpzrf9']
8467	['p699a0g2', '8xrccucr', '8f83k2ce', 'wmpjfc02', 'e0pz0z4j']
8470	['h4cu63cm', 'c0i45oix', '8ljnxihr', 'glxt2q6f', 'spfc0fc0']
8479	['gv8mngz9', 'l2xm13is', 'ghhxxkkv', 'd8xgzvda', 'mx924s06']
8483	['iu6epm2i', 'xk6rp4e7', '1rxw5xro', '6qkjwsst', '4unn3fmu']
8498	['5zzlhyga', 'wq92nfnd', 'opjfy3xr', 'u7ao9dwx', '0mwz8kwo']
8505	['rb20ge7e', '3o91v72a', '7xnga86x', '2j11uxmx', 'nj1p4ehx']
8508	['g0g84bqy', '2e02uktc', 'tpswy2g5', '6a6tyvtz', 'n040i865']
8511	['o1xsjx2p', 'sykjpaz2', 'ihler8r0', '2qcuygax', 'q9bwvh0t']
8516	['suw0h7s3', 'jk0ju2eb', 'zwil22bs', 'ua7hsfma', 'b0545v23']
8518	['d0s3vl2w', 'qv1xfrg6', 'wb1apvn2', '0bbxyyea', 'vygvs1x3']
8519	['rb20ge7e', 'x73moqog', '2j11uxmx', '7xnga86x', 'nt1e70dv']
8520	['6rpm4phy', 'ylvgmdwh', '72f64kpf', 'uba4wym6', '80t2ovkk']
8523	['io8mozoe', 'kqhmul31', 'pyz2tnhk', 'rjelshrp', '0extp6r3']
8529	['9oejm9sc', 'octtj2vf', 'ey0r1py7', 'wzqdo1st', 'e63j8gci']
8533	['sa4ms55e', 'psrsed4b', '4p6fcy8f', 'qibt88f7', '7momt81r']
8548	['nr0fu2qb', '4eak8e8l', '8ko7mmu3', 'ximw03ej', 'zl4ixyg1']
8550	['d2pzezq8', '8g70j0qw', '60en5zy7', 'msxp1qkx', '3zdv9zim']
8556	['icnjhhyy', '4mp1iu55', 'lxzmiehr', 'feovbv3v', 'yw8a1ssd']
8587	['y42gcbj0', 'h5xvrtfy', '657acgl4', 'n6lwnct5', 'atn333j9']
8595	['9452kqc0', 'df65w0lx', 'ex6dyr77', 'fmgj3noh', '6xxm7hcs']
8605	['hvy73er8', '77bq8tdy', 'tyrgtwo7', 'dlao3plx', 'dcfqvp4p']
8614	['h7vqmlq9', 'u7ao9dwx', 'j67qgjbj', 'b9evh1l2', 'toj6eqs2']
8630	['aawjla6h', 'zc10b6j5', '11bh9v5i', 'od5nnxvg', 'fxvro3wl']
8646	['x9rv72dl', 'pebu7w9m', '37hn7u3f', 'to2wxs8m', '2cv0vuin']
8665	['73jex4zg', '5hhbdzam', 'ckx6wxxk', 'b03s7wsw', 'fiicxnty']
8669	['u8mu4yga', 'y43prnko', 'iu1d9i57', 'w1bx4a7v', 'dhd9e9bn']
8678	['rcbr4rvt', 'psk1lnff', 'ihgxtu8g', 'e4iq2cek', '3c1fujrd']
8679	['5zzlhyga', 'htitgh0v', 'vkf5njfz', 'scc9wee0', '60sbhzfs']
8683	['ksqxfx8m', 'n0zppf8v', 'p3ytwqeg', 'zvmwubuk', 'ncfvllzi']
8685	['hygxwl2f', 'viubj28a', 'ty41xob0', 'h2u5w4a8', 'fvvotkjc']
8695	['cymppa7g', 'bk3ss63e', 'gi3vfi68', 'bu59aji5', 'fbsrggog']
8708	['vw8a1994', 'kxx3szjq', 'glyoiu93', '8pislcjr', 'o6kj5b97']
8715	['nr0fu2qb', 'f1ckv4bk', '65ois1qn', '9mact9br', '4mat0psy']
8717	['nr0fu2qb', 'ecobfbpg', '0emibwp3', '8ko7mmu3', 'wq92nfnd']
8732	['u3ympejy', 'jvo0nk3w', '5ah2yf59', 'qxntta1u', 'eecwjrdc']
8744	['9oejm9sc', 'octtj2vf', 'vndj6f7w', 'e63j8gci', '2qwv6wzq']
8746	['octtj2vf', '9oejm9sc', 'ey0r1py7', 'wcq3qqt4', 'f4jx3b2q']
8770	['ljpeq5aw', 'uyzalds2', 'li8kvzdh', 'p36ilfqj', '2f09vauy']
8775	['4et61my3', 'e56ivoz7', 'fo815n5l', 'x924tb4t', 'xi90m4jk']
8777	['t4y1ylb3', 'ruewzstg', '7a543f7v', 'tn8houmc', 'xi90m4jk']
8793	['vd1lldjj', '2rcngljf', 'q9d88fxx', 'mpeugvt9', 'yaedocvp']
8800	['rpjg4a9i', '25bdifv6', 'k2zrdjyo', 'cfd1x420', 'r1m709hb']
8814	['1fgnfh62', 'kn9lna4m', 'ce9jujij', 'pm825xn1', 'hcooar1n']
8838	['gin90aef', 'vvmb92wo', 'ropgq7tr', 'x9sfgtim', 'ohkki0ke']
8840	['l7zlby4y', '7tye4psd', '7j5zmg8w', 'lnzt3h1p', '582ld85p']
8862	['tzp03hmr', 'orddpgl3', '2tax8ajw', 'eg5snpzs', 'i6qoo03c']
8875	['d02grfth', '0di8j0lu', 'bsf7arhl', 'p0s1cpyw', 'tb8k979g']
8882	['juxgkbwv', 'dnrzk9tk', 'gtbegs4r', 'ovzn7eaq', '3i82sxk8']
8925	['xwghd9ut', 'dccymlie', 'uqfwx4nk', '7gj2cl8r', '8m59whf9']
8927	['xwghd9ut', 'uqfwx4nk', 'w7wdq05u', 'df65w0lx', '9452kqc0']
8943	['1vd4j3qc', '3cr97dii', 'rckwiqgb', 'n5c0hcwn', 'b0wy5zz4']
8949	['u0jddsup', 'mjb3ip7a', 'bzeqs5oh', 'm69ceq2t', 'uohbxoeb']
8954	['mjb3ip7a', 'uohbxoeb', 'bzeqs5oh', 'd6a6nagk', '675v58x8']
8961	['9h4zzo5q', 'bh8zshy9', 'j4p46aiv', 'n9aqux5a', 'y349r3r6']
8963	['d6a6nagk', 'zdfx3zo3', 'uohbxoeb', 'te0v91nr', 'bzeqs5oh']
8974	['icnjhhyy', '58nmdd4f', 'n3swuykg', 'getnq0ek', 'lxzmiehr']
8978	['l2i3aa3k', 'vx1hjh26', 'vrs88dcy', 'jhge9qy5', 'noale9n1']
8996	['9jfclm9c', '13kzv4b2', 'irx4pcsx', 'tvg6q8cw', 'l63d9lyd']
9000	['5azti19e', '9rczqcaz', 'ftq6ed38', '3jn7tdaj', 'lkb09vs8']
9013	['25bdifv6', 'rpjg4a9i', 'cfd1x420', '6ukt0gbn', 'z1y1zgo8']
9018	['mwvcd5eo', 'd6wkv2rc', '2bfxfl0v', 'cuw2sx2e', 't59eq1wh']
9029	['5yscqct1', 'jnwuu08w', '5zn5mgi9', 'ej7pj7d2', 'qpzg8lam']
9035	['leqluxpl', 'jwjualy2', 'mz1bof2x', 'bmrxgkz7', 'eauj21v4']
9037	['r1m709hb', '4vkkaqhz', '25bdifv6', 'gi21di4d', 'apfimvix']
9043	['kkzahuz9', '1n0qw2a5', 'lme6vcqs', 'mpthhazv', 'xxeyogwd']
9044	['hnx43l5c', 'r4dgrxel', 'daj5g788', 'zu07vbc4', 'q9bwvh0t']
9051	['n2kn7o67', '25aj8rj5', 'hdk02l2r', '5kchpjx0', 'geo7ac5i']
9059	['j46bet38', '8of3u2sc', '6vqf2n5j', 'an8957d8', 'noale9n1']
9061	['io8mozoe', '4cy3er3y', 'dmqk247e', '5eo7wfle', 'yg0ovmu5']
9062	['2cwvga0k', 'f3eogz0n', '58qneoj5', 'vg96f35h', 'snlukr6c']
9064	['fgj2lvbg', 'mg7dfs1r', 'gttuxtw6', 'm45teajz', 'eoumpu50']
9076	['5jjoko32', 'f37ezj1h', 'e5nbe3r0', 'hd0axs5o', 'u8f58mx1']
9103	['n86w4vkx', 'ecro0w9n', 'g6i3x433', 'q9bwvh0t', '4gof1yl8']
9105	['s6lev28f', 'hphb36km', 'x9lxyrgw', 'dlao3plx', 'an1wfsvk']
9119	['3u3i5myh', 'idlmau69', 'lby3xhmp', 'ckswlo9o', 'ijzoa0yn']
9122	['uipe62sc', '1n0qw2a5', '80t2ovkk', 'frr4vu0w', 'yadb7gwj']
9128	['3u3i5myh', 'rc5d6wi3', 'ijzoa0yn', '9kfs73sr', 'v5eth1m3']
9129	['1iago9rr', 'z8ajje2l', 'ruewzstg', 'ijzoa0yn', '1nmzo9at']
9163	['uyo1rpx6', '52lf5gzr', 'wqqt6jvk', 'jpby8m6r', 'zzscey1f']
9164	['xmqdk2wz', 'r4btmprw', 'ho6qjkyr', 'niw61l9r', 'tgrh7ap4']
9181	['ax3e82js', 'r76tqrwz', '0r580il2', 'jiunpwz9', '1l4o9pko']
9183	['od0y5ruh', '4bbapd1t', 'fnojlsnj', '9xxv8a2d', '7momt81r']
9210	['tz2d3lff', 'xi90m4jk', 'lhx0it2z', 'xxm6o1l1', 'ziaiufzs']
9213	['o4ri7t16', 'dsvmh7t6', 'saxtdqvh', 'rog0fp93', '4uiyj6lg']
9218	['tra5ewc5', 'uyb0of5p', 'jjh1z5c6', '2bpyvgv7', 'cg6v3yma']
9222	['tra5ewc5', 'l4y7v729', 'mkgszhkk', 'gtwg0m54', '0clp6zt6']
9243	['tmnfcs7r', '3qgwoblb', 'gckr8h1m', 'del20ax2', 'ii0ceksc']
9257	['n7oankiq', 'um4v5qr3', '2kd89h12', 'aaxhrecp', 'est5jx7g']
9260	['09q2so3j', 'tvg6q8cw', 'l63d9lyd', '4z8i83p4', 'irx4pcsx']
9272	['piap9pr6', 'rob84q03', '1s6czejn', 'emvkiex9', 'vtagfrds']
9278	['uk6whrhz', '3p2cuxk0', '0illlel7', 'tloczjn5', '296lr317']
9287	['80dfqjql', 'kq58gxgl', '7pcnf2iv', 'jincu9xx', 'k9xhphpl']
9292	['86auifl6', 's44gtutu', '6hnts5l2', 't93vc14m', 'lxqsc60e']
9300	['0oq0xmzr', 'xy4m6x8d', '5aev7ltr', 'bv7hvc1e', 'lty6oq3d']
9323	['qibt88f7', 's1olwzxi', '1ucs8zu1', '626ch774', 'lyewg2c9']
9347	['j0uojajt', 'dt7hip0z', 'x4mgnhbg', 'raw2mt47', '1vj9p7vm']
9356	['spiud6ok', '8r8586br', 'u7ao9dwx', 'eo8rbcy2', 'j67qgjbj']
9359	['10lun7te', '9qbq7hwy', 'dya40tln', '44flnf9t', 'yx3j6373']
9371	['axd0s9cg', 'g4nceu64', 'fo4ax1od', 'cf3l8uzq', 'qbbwvyn9']
9374	['u3ympejy', '0loj2fsm', 'uzc6r1jr', '80t2ovkk', '8gh3q7p3']
9378	['2a12nsnl', 'leqluxpl', '2aoyzj2b', '5tdmh0ac', 'dz6nv7h1']
9417	['v77n1vbf', 'c6svgwoj', 'xbqbwh9j', 'dny9rgv9', '22b3rl2s']
9418	['ax3e82js', 'mjb3ip7a', 'r76tqrwz', 'yt2fp8zl', '0r580il2']
9432	['bcttenl4', '08z6z7d5', 'f2det6w2', 'ryfz5xsj', 'w01dub6y']
9450	['r0nmq9ne', 'hfaiddki', 'e7gq365q', '25aj8rj5', 'kb3xi0fk']
9454	['nles7ymd', 'u95kg3m0', '2wco7m0c', '9dnj4ppj', 'a58wr0dp']
9472	['p71adezi', 'rnilge14', 'vori28fm', 'f15foaf2', '0k5687en']
9481	['barindjx', 'k11wd3qv', 'nqqngrqv', 'n2yardu9', 'xe29akkm']
9483	['hnx43l5c', '2qcuygax', 'daj5g788', 'yeowvvqi', 'mx1d9qqg']
9497	['0eftiyuw', 'vda9s8lj', 'fb9jz93q', 'dptapovm', '4888p05u']
9510	['8je46886', 'w0ebmg16', 'f96qs295', '1s8jzzwg', 'w1bx4a7v']
9512	['8je46886', 'u8mu4yga', 'f96qs295', 'ximw03ej', 'w1bx4a7v']
9517	['ivy95jpw', '14alhxc3', 's0ca1r5s', 'jz6o9gnb', 'qeqd4soe']
9537	['gy0kfhy6', 'idhbd102', 'iobpcfs5', 'je585xia', 'emg87q94']
9546	['j4hnitqx', 's1qnjgev', '3bbiyucq', 'lkb09vs8', 'ln6t374j']
9589	['pm3ck1gk', 'opckeugf', '7pcnf2iv', 'l9lni5d3', '1y1ik2u9']
9590	['u8mu4yga', '844229sb', 'a0q61mpi', '0mwz8kwo', 'jjh1z5c6']
9604	['clk482qk', '8vx56qlk', 'rcrok8lr', 'fm73ly1x', 'ikacd7ls']
9608	['nwb7qf9l', '5bk0w0sa', 'uyzalds2', 'kjl04qy5', 'y04dub8o']
9614	['soa71kwx', '5zp3p2g3', 'ex6dyr77', '2jwuzfan', '3rxsplrl']
9624	['ba9uog5m', 'pwb7rw89', 'q48rqmw5', 'solieify', 'pg69ww3a']
9630	['x4zuv4jo', 'pxo11hwp', 'b5yrfllu', 'rbgoabfk', '5aev7ltr']
9642	['1hobsclz', 'u8ptvem7', 'v9fz02es', 'vpz3o29f', 'het7q42t']
9656	['yx3j6373', 'fiiyythk', 'ea8yn819', 'tjhz8bdb', 'rtp9j01c']
9664	['eia1mvaw', 'u5e26byy', '1xywu83m', 'ir20eiqr', 'qbe538kv']
9687	['l2ak5ygj', 'pxpghfhq', 'i69uuezd', '1npav6m4', 'a7ve0dud']
9691	['7097q0r1', 'zyrvgaql', 'hlulg3wf', '0bdi3yxk', '2w80hys9']
9696	['oa81rhdb', 'iw3wv973', 'vp2t4xkn', '63b7yidq', 'pq571myy']
9713	['fm8gril1', 'cxqzo58q', 'bjjfxfei', 'iepagac8', '227l4bzl']
9718	['3ees74tt', 'krh63hqp', 'ne7e12nj', '6ys3uogb', '0chuwvg6']
9725	['jr92ou2e', 'b9nsh19x', '5rdsn2mn', 'y7v9zc6w', 'ca9uxrtc']
9741	['xigbp7vh', '72jwlfqr', 'fteydbm8', '7n4t8i2n', 'vuzbni5m']
9744	['9rxv6fy9', 'x7ffgtrd', 'fyzmun11', '307rt03e', 'ewg9d4ei']
9745	['0vy5yifk', 'wcmxmahq', 'e6miaabh', 'tnejo5wc', 'g05z8cux']
9753	['52lcpf0x', 'cdltu9vs', 'wr6qa1vr', 'xr70oiv3', '73b58lcm']
9759	['9nyfz7s2', 'grmsydp0', 'jmu2cfnd', 'n9aqux5a', 'c8krivoj']
9760	['t6rxsiat', 'f3swmk24', 'f80cfjrn', '3otvtwbb', '1jtln8wc']
9761	['t6rxsiat', '1jtln8wc', 'h4fo8h90', '3otvtwbb', '3kk1l0ag']
9768	['g5ftdku9', '89fglwvk', 'ttvlddm2', 'g5k0po72', '7nssge06']
9771	['db8fl9d2', '9b6cepf4', 'wzqdo1st', 'qdw86v8i', '2tre0wat']
9794	['dsfbmhbj', 'q9bwvh0t', '81rxs247', '855atuue', 'ecro0w9n']
9803	['tra5ewc5', '763v4duh', 'jjh1z5c6', 'f96qs295', 'uyb0of5p']
9813	['gttuxtw6', 'fgj2lvbg', 'xchvlphf', 'pvshw2pn', 'rlr17nah']
9814	['tc21pcjw', 'a7nj8sgl', 'zh8wzza5', 'xk6rp4e7', 'z94005i4']
9816	['pc2cnhjd', 'l9lni5d3', 'zc10b6j5', 'ykxr9q1j', 'nwb7qf9l']
9819	['l3k9bb5m', 'ki93iltt', 'o68mentl', 'whloioyi', 'h2l70h1u']
9825	['pc2cnhjd', 'icgsbelo', 'hqapg5ow', 'wr4r7jd8', 'l9lni5d3']
9828	['gbrf7fh7', '4fgeb27a', '8qcovhtk', 'qwax5tg9', 'gvihovvq']
9836	['k5t5rjhe', 'bawgldfi', '1ma4hp52', 'j99cgsjt', 'bsypo08l']
9840	['f18a3xiv', 'cn3d6j6z', '4uieqidm', 'b5vreb7n', 'hgpiig0g']
9872	['5t16srpn', '0z7ey1nm', 'p42w7vjf', 'ir20eiqr', '8cvjsisw']
9924	['zueprmdz', '5yscqct1', '3kk1l0ag', 'h4fo8h90', '9b6cepf4']
9933	['a0q61mpi', '9b6cepf4', 'wtovv1jy', 'sxi0tpsf', '8je46886']
9937	['1s8jzzwg', 'f96qs295', '8je46886', 'w1bx4a7v', 'ropgq7tr']
9940	['pxpo8jni', '07scv3kv', '00ia8k0b', 'a6gczznx', '5hxsagx6']
9953	['ivy95jpw', 'qeqd4soe', '14alhxc3', 'rh2jrojk', 'iu5ndsxn']
9958	['jiunpwz9', 'zqzs6vtf', '1l4o9pko', 'rh2jrojk', '407va85q']
9959	['0fpa1f30', 'v2tehu35', 'mtq19xku', '0illlel7', 'uk6whrhz']
9960	['zcnr1e2f', 't1mbyvs0', 'xi2whtvr', 'x9veckdi', 'zcxxk9hd']
9965	['hezheq49', '6entp07f', 'g5uu01aa', 'e1mtdo7v', 'iz6nrfpc']
9997	['0vwspd6l', 'bran54ku', 'p8ckcvyj', 'rc6cza9r', 'clrlg58a']
10006	['dt2pew66', 'w1bx4a7v', '1s8jzzwg', 'f96qs295', '5vodag6c']
10008	['db8fl9d2', '2tre0wat', 'qdw86v8i', '9b6cepf4', 'zycgczqy']
10011	['eys1k8gb', 'xxm6o1l1', 's0374olh', 'vblfew3o', 'mg9kypvn']
10018	['eys1k8gb', 'vblfew3o', 'mg9kypvn', '1vyfy7i0', 'wz6446aw']
10025	['dpyz8uh4', 'ubvdzjkw', 'htpyn9ve', 'sgwvid9l', 'arma6a4j']
10027	['v5beddu4', 'plzklj7c', '9ixpj162', 'k36t200n', 'l63d9lyd']
10107	['p91dk324', '4ifng0a6', 'b1s3ubm1', 'hah9mrnh', 'jk0ju2eb']
10111	['1s8jzzwg', '0imnd2q5', '30pl5tx3', 'w1bx4a7v', 'xtmn1n0r']
10125	['8je46886', 'pdfl15fz', '1s8jzzwg', '0cnjtxyq', '844229sb']
10137	['35xqlryc', '5azti19e', 'uo3ww8j4', '9rczqcaz', 'ttl1ozc6']
10140	['u5rbvc3i', 't0zphgfl', '05lgp662', 'obhm5mc5', 'n719iahl']
10146	['kxx3szjq', 'vw8a1994', 'zouscolw', 'h1mo3bs8', '4jri92pu']
10167	['u0vg1305', '01h205jf', 'r4j1rcm5', 'bdxzphjb', 'cmx0rkvl']
10182	['3u3i5myh', 'ijzoa0yn', '7wu8bfo4', 'v5eth1m3', 'fu685z9a']
10186	['lghvztz8', 'q2i328sz', '1tx3tl0f', 'p3qcflii', 'l4frxzji']
10202	['v0f5vxk0', 'rnkti5s2', '3xx7rw6y', 'w9qei8zj', 'fy9bxym6']
10223	['tra5ewc5', '0clp6zt6', 'o6dd2vu1', 'a2voobqa', 'f96qs295']
10228	['8cd5z4di', '5kchpjx0', 'oxa060jf', '9iz8papc', 'mb18fj8a']
10238	['kit7dfi2', 'i3ahtzdd', 'j4p46aiv', 'bh8zshy9', 'dgkutcie']
10246	['cfbj6ize', 'xj1nw76b', '5c1e0770', 'z218oii3', 'xm1000xv']
10253	['d8lmft7i', 'pq6c0zia', 'p5ceve0x', 'xof56j98', 'nhy1ofwa']
10262	['gd19rkm2', 'xua4f77e', 's0w95qdn', 'q9d88fxx', '04n7uz4s']
10268	['m26xr9qr', 'qtzhfnr6', 'tmonjdrp', 'elu3dztf', '1lggbkly']
10295	['eia1mvaw', 'u5e26byy', '1xywu83m', 'o25o8ejg', '96mcmf2g']
10306	['0mwz8kwo', 'w1bx4a7v', '844229sb', '0cnjtxyq', 'mkgszhkk']
10315	['agknmml1', 'vgk1sgcp', '7keaoi4d', 'pfb3l2u3', '7xnga86x']
10327	['gg5c8v7d', 'dx2cx9lx', 'ncfvllzi', 'qmo1zzkg', 'p94qntyb']
10329	['f6li7qil', 'rg3iygo4', 'oa60fwht', 'ihlkhh2d', '2rcngljf']
10333	['bu5kfsfi', '0si51n85', 'dogie34u', 'jnwuu08w', '5ngg5hm4']
10337	['dogie34u', 'bu5kfsfi', '0si51n85', 'awzozt7u', '54jnv4ki']
10340	['1wcfrvnd', 'f9vxfk68', 'd3pxk5tr', 'nwb7qf9l', 'ledopkwj']
10346	['ylojjfri', 'yxkub54e', 'ftjrg3dk', '2uwnamao', '64sdgroi']
10370	['su028g3j', 'atksh1pr', 'spkjn8bq', 'dr067qlf', '9ei6ubx6']
10395	['8r7hnpij', 'wl7odjo2', 'in9a3bvi', '02t7jcbt', '3unp46lw']
10430	['sxq2063i', 'i5j4nmjz', 'ywvk6gu6', 'ovgk0wsn', 'v6w9mlsa']
10431	['w45ih46q', '8l5i1z27', 's1dert6n', 't4y1ylb3', '1nmzo9at']
10434	['5c1e0770', 'cfbj6ize', 'xj1nw76b', 'z218oii3', 'u1s6ciy4']
10442	['xj1nw76b', 'cfbj6ize', '5c1e0770', 'lj74054o', '8rn7q32f']
10449	['mfziqu80', '8ko7mmu3', '1zuhilmu', '4r96f92d', '84z7jgcl']
10454	['ovd98r01', 'dp274ls4', 'p0s1cpyw', 'rcp6xlpg', 'wcmxmahq']
10465	['be8eu3qi', 'r6943zpb', 'vzloj6b3', 'md0drb25', 'v10454ns']
10468	['tlknj4hm', 'q10pvwf5', 'g5uu01aa', 'bgiyvqgw', '868txjrw']
10490	['8lzpz58y', '4kgnx00l', 'k3mz6lf1', 'n0zppf8v', 'kd3as3b9']
10493	['8lzpz58y', 'lgtpeqhw', 'z2jtzsl6', 'kd3as3b9', 'zvmwubuk']
10497	['8lzpz58y', 'kd3as3b9', '4kgnx00l', 'n0zppf8v', 'md0drb25']
10511	['icnjhhyy', 'lxzmiehr', '4mp1iu55', 'glkjxl0t', 'gvn2v6rt']
10528	['3znsneqq', 'a8065dca', 'h0ex5siq', 'mjtrwbhs', 'ielatiaq']
10530	['z33cg3nj', 'd2pzezq8', 'opda8pjy', '60en5zy7', 'dnm7s947']
10558	['3qgwoblb', 'vw3cuiof', 'gckr8h1m', 'iy9mqd4f', 'zaibt2fq']
10563	['4py6l839', 'x4zcpr02', 'fe72aj3a', '4ohgr8j7', '1u532bz9']
10580	['8dgahmka', 'ua7hsfma', 'wnpmwne1', '8gogju5n', '85k68r5h']
10582	['b1s3ubm1', 'p91dk324', '4ifng0a6', 'fhxgzm2i', 'bnzb1yon']
10583	['h4fo8h90', '3kk1l0ag', 'ezrarusj', 'fob3kiz4', 'wtenvb27']
10592	['d81rq6b9', 'l9lj98b1', 'jyxrk9bz', '7yldl4ld', '5rpd8d0t']
10599	['1oiqa5zg', 'r4mgu6j7', 'n1cg1cba', 'e756pbyp', '9gqonmf5']
10608	['7esjlc7i', 'dqhdws5k', 'rh2jrojk', 'r76tqrwz', '1l4o9pko']
10618	['ivy95jpw', 'cntmsia6', 'jz6o9gnb', '14alhxc3', 'roe6g61u']
10647	['d2pzezq8', 'msxp1qkx', 'konern28', '8g70j0qw', '60en5zy7']
10665	['umvrwgaw', 'ropgq7tr', 'x9sfgtim', '844229sb', 'y43prnko']
10682	['r4btmprw', 'wfa5fb3r', 'is9a77dk', 'jaamms1g', 'rtus1qyw']
10685	['g9rs9cx8', 'nvphu1fm', '9k4pwc2h', 'iez1j9jn', '6c47sm6i']
10702	['dikrttn6', 'o4vvlmr4', 'ce1a9k8b', '2jdlavwj', 'trrg1mnw']
10716	['gefb43hh', '8uxvqspp', 'ocfqb3a2', '5dwkunqw', 'zqg1r6c8']
10722	['3jigt8mk', 'b80todl7', '4evznllv', 'ueurvoyh', 'b2iit1ef']
10733	['byvsuvn0', 'is9a77dk', 'mpe2qs0h', '93y40vnp', '71x3b75z']
10735	['r4btmprw', 'q5veu992', 'lt51utjm', '811lov8f', 'niw61l9r']
10741	['g5ftdku9', '89fglwvk', 'ttvlddm2', 'g5k0po72', '7nssge06']
10745	['tra5ewc5', 'gtwg0m54', 'db8fl9d2', 'l4y7v729', '9b6cepf4']
10752	['n040i865', '1nk1t5qs', 'q7pieq3w', 'f2det6w2', '80cbwj3o']
10758	['tlr243il', '89ic6lmt', '61ltmgyx', 'lbrvo18o', 'boew323c']
10763	['00ugdhvf', '58r5wcwd', 'me4v1qyr', 'mb18fj8a', '7015mpuh']
10768	['ax3e82js', 'r76tqrwz', '0r580il2', 'jiunpwz9', 'ultl3rpu']
10777	['p4ejdth1', 'qpehyolt', 'p3jvuj8k', 'tyqeguyf', 'tmdsyzyt']
10781	['66fi7e69', 'zh939alw', 'wc6e0pxf', 'w2kxqkkf', 'rthsl7a9']
10789	['llcit7x2', 'vdgu6h0a', 'l9lni5d3', 'qkjieod9', '4p6fcy8f']
10801	['qvuuhkg6', 'v6w9mlsa', 'j41c15mw', '2kh4iw8h', 'nq79qw82']
10822	['v6w9mlsa', 'uru7bkr4', '2kh4iw8h', '9mdf927z', 'qvuuhkg6']
10824	['i94boetk', 'ip9geldg', 'p576v9du', 'fq1am5na', 's96b0s76']
10825	['7tp8z7n8', '6fpw6y8t', '9xxv8a2d', '2tax8ajw', '4iuxm6z2']
10849	['jqueo6zg', 'ir20eiqr', 'odlf9z1w', 'khkw1hhv', '1omv4r30']
10868	['88ivkkaw', 'gsvzkivp', 'e9m31jyc', 'g4k0ksr8', 'v1ei9im8']
10886	['cmc02ybp', 'nzc9essr', 'ce1a9k8b', '25aj8rj5', 'ocl5qf9o']
10892	['f5twvg9g', '5azti19e', 'cgnofutd', 'dwgxrbag', 'eflyypev']
10896	['01h205jf', 'yo815hnj', '45r3ccwe', 'cmx0rkvl', 'bdxzphjb']
10899	['fcb8egak', 'eje3i558', '38d6gb7o', 'y26bsn0n', 'b31ctbat']
10900	['xnrp2tpd', 'hi4a02kw', 'y2zcwcic', '5m23wtpi', 'tvzn0112']
10913	['2tre0wat', '9b6cepf4', 'f96qs295', 'octtj2vf', 'wzqdo1st']
10914	['fo4ax1od', '9wx4ltyd', '1ma4hp52', 'wr6qa1vr', '5wby3shp']
10927	['nf6n6afo', 'p97kgjmp', '2erwhb66', 'bf9omgla', '8v7150vv']
10944	['6oicmeam', 'kc3nb2pc', 'hfk8nikl', '479wkesk', 'lpqdnuil']
10953	['qeqd4soe', 'ivy95jpw', 'rh2jrojk', '14alhxc3', '9wnkmn27']
10968	['cd7cfpx3', '2l83gyx5', 'cutwvq3b', '3a7utmsd', 'a6gczznx']
10975	['furicopj', '8xvqq5eh', 'birrxj48', 'agvrw27o', 'swaf5pao']
10991	['1fgnfh62', 'hcooar1n', 's7sq53zy', '5f95gve3', 'pm825xn1']
10993	['91ea40nz', 'wb966r76', 'm13ndhaz', '1a5oy6fr', 'ldyumgm9']
10994	['3u3i5myh', 'ijzoa0yn', 'v5eth1m3', 'xmd8fh95', 'z6cdyy0w']
10999	['06yuz5pn', 'of9wlhga', '7e3kiox2', 'w19729nl', '36amafub']
11000	['25bdifv6', 'rpjg4a9i', 'k2zrdjyo', 'r1m709hb', 'cfd1x420']
11006	['tv1a1hwj', 'q9d54z1s', 'f0t6n2j1', 'gduako3g', 'o525rf4a']
11010	['u5e26byy', 'elviuvfz', 'orajfobs', '1xywu83m', 'jw42gokv']
11048	['e0a1t2ig', 'xd5uhah4', 'z79gel8h', 'ykxr9q1j', 'yn2aylru']
11051	['zbkx78mm', 'k3mz6lf1', 'v10454ns', 'nfem3htm', 'cc23zega']
11056	['3xup6glg', 'vjpf1fk6', 'u1ilcmm2', 'cv5th7hd', 'l56c020a']
11069	['kb3xi0fk', '5kchpjx0', 'trrg1mnw', 'c7ci5w56', '5xk20hs5']
11071	['763v4duh', 'tra5ewc5', 'jjh1z5c6', 'f96qs295', 'nv1w6juh']
11092	['e8m2n9v6', 'kkskmuw3', 'fd4aag2t', 'xiaj8ofb', '3xzgv370']
11117	['j5b0f3uk', 'furicopj', 'birrxj48', '02bk8vtk', 'fedv6m9o']
11124	['855atuue', 'suw0h7s3', 'hpbcwiwf', 'p6k449j5', 'bh8zshy9']
11125	['qeqd4soe', 'rh2jrojk', '9wnkmn27', 'roe6g61u', '1l4o9pko']
11141	['eo89w6qp', 'ppuki7qn', '71ixs3y4', '9ei6ubx6', '86q3gw4x']
11165	['33wqmdnk', 'k8wb51i7', 'db8fl9d2', '2fokjcjr', 'l4y7v729']
11191	['ywvk6gu6', 'ovgk0wsn', '5t4twnpm', 'sxq2063i', 'i5j4nmjz']
11203	['hpj8gb4o', 'g15tvzn4', 'yeowvvqi', '0o3wjvpx', 'ifovibzi']
11210	['9qsqj91d', 'w0ebmg16', '8je46886', 'h7ftu3ax', '1s8jzzwg']
11223	['oa60fwht', 'jbimjcx4', 'rg3iygo4', 'o34l05d0', 'fmm5s0vo']
11245	['h2h4bnd5', '8acldtv2', 'sok0cyd3', '3otvtwbb', 'pscw933i']
11248	['95wclabe', 'dsnniuo6', 'cfi5zhgu', 'btao9cun', '3291axen']
11256	['ypvzanog', 'cwdtyr1v', '4z8i83p4', '15q47bw5', 'dobxp4uy']
11264	['gdfvt4pu', '3jn7tdaj', 'qfq1nfcn', 'f5twvg9g', 'shad8im4']
11268	['0mwz8kwo', 'a0q61mpi', 'gb1sk22m', 'hqapg5ow', 'w1bx4a7v']
11271	['z9csj1bh', '2um2wbcs', 'xk6rp4e7', '1rxw5xro', '5351oj7i']
11280	['fo815n5l', 'xui25c83', 't4y1ylb3', 'e56ivoz7', 'tvhn7lnu']
11290	['e2rtzymt', 'lrsvg37a', 'gbpfypmn', 'udr22zf7', 'quhnesbr']
11298	['qj1v04cf', '15q47bw5', '9e6g15iw', 'cd7cfpx3', '4z8i83p4']
11299	['gmp22v65', 'iwd8nkls', '312cg7b7', 'xpqfpizp', 'cfkeqgj3']
11319	['hn6clwoj', '675v58x8', 'uohbxoeb', 'pa000mr8', 'a40yhtqk']
11332	['p485vc0h', '0ctlde8w', '0si51n85', '46swnjb4', 'w3zbf5k4']
11347	['cimmc4y8', 'sem6z3ka', 'pvjoxgn3', 'd02grfth', 'sts48u9i']
11363	['s82tyeis', 'iepagac8', '8g70j0qw', 'lbxg93hl', 'dnm7s947']
11373	['ivy95jpw', '14alhxc3', '9wnkmn27', 'qeqd4soe', 's0ca1r5s']
11384	['s7glsesb', 'tyqeguyf', '9zg8q0gk', '679ds029', 'hj3xxwru']
11392	['f296patc', 'ik4wen7l', 't3hrrigb', 'su028g3j', 'jpby8m6r']
11395	['xp2qkk52', 'f1ckv4bk', 'y8o5j2be', 'bp2ilntr', 'nzat41wu']
11412	['cfe6rb1x', 'l9hqalbo', 'v13kzr5y', 'dmlyd50n', 'xs8w9shx']
11426	['uohbxoeb', 'oud5ioks', 'te0v91nr', 'oyr4klqk', 'bzeqs5oh']
11430	['idhbd102', '46no7uq8', 'jjjgu3n0', 'vc0ezpp7', 'c0c60pyi']
11431	['h1wycwxc', '39nzvid1', '7xnh53x0', 'asrkuts7', '6tlzij5v']
11432	['osct0lj6', 'bakwk4tm', 'hm332jqo', '7z7zxcm2', 'hbkl5cam']
11448	['o7qibwzj', 'jgbwd3ib', '5ik10en4', 'oyplh9cn', 'nksd3wuw']
11461	['s19w1p2i', 'be4afbyo', 'gqwwfpch', 'dgng39yd', 'l9lni5d3']
11463	['m2z6k2va', 'pppb83nc', 'gb1sk22m', 'cg6v3yma', 'a0q61mpi']
11473	['l3bruaeh', '39tvv57g', 'wcyqks52', 'dew7ug4s', '58hqal2d']
11483	['6fpw6y8t', 'yn7e3do9', '6j45mmjh', '6a728le9', 'gtp01rna']
11489	['6k0nhmg9', '92tvskxw', 'jveh2w09', '6hkqe14l', 'f2jzz41d']
11496	['pv7tgwcg', '2q87yv17', 'sw5f7jgr', '7auhiq44', 'z1l6oyjh']
11498	['ba5h6uhu', 'wzz5ioek', 'yn7e3do9', 'xq525smx', '6j45mmjh']
11503	['2f09vauy', 'e7uvbra5', 'ljpeq5aw', '5bk0w0sa', 'uyzalds2']
11510	['p36ilfqj', '2f09vauy', '9iomlhpv', '38paoyuc', 'z79gel8h']
11511	['t7xaqtgo', 'yt2fp8zl', '6a1fl65b', 'cq5z8lqu', 'mjb3ip7a']
11530	['3wo90f5u', 'neqeedtr', 'ozbmgd70', '6ki9km50', '1arhjsmt']
11539	['dqfndau7', 'azr73w2w', '6q9zmieo', '8hz4go45', 'wgc0cqyw']
11552	['w1bx4a7v', 'usyduiti', '844229sb', 'ropgq7tr', 'x9sfgtim']
11559	['li5cw8xx', 'vqlnd5rx', 'n9aqux5a', 'unhrmzn5', 'ypqusgs3']
11573	['jb3wc81d', 'cplyj4dm', 'ix48o00j', 'sg1e404x', 'gz5ez8cz']
11625	['rwevmwcr', 'x64zft78', '37gpov43', '43eh69dx', 'k4ttbbix']
11631	['p3rnfifj', 'u9nmqcgs', 'gz5ez8cz', 'cplyj4dm', 'x60fkihk']
11633	['cfbj6ize', 'xj1nw76b', '5c1e0770', 'z218oii3', '8rn7q32f']
11636	['oyr4klqk', 'u0jddsup', 'mjb3ip7a', 'bzeqs5oh', 'uohbxoeb']
11638	['6aku7ghk', '0kuotqoi', 'fofw6fmx', 'q55l1chd', 'vszlmtf4']
11642	['g15tvzn4', '0o3wjvpx', 'zv351n3d', 'r4dgrxel', 'ifovibzi']
11665	['k30wvnx8', 'qmo1zzkg', 'tpmb397f', 'ncfvllzi', 'dx2cx9lx']
11676	['faj85qxc', 'nkx5zdfg', 'es7c7szs', 'c3955inl', 'ffy19pp9']
11680	['8j3bb6zx', 'k0f4cwig', '3sr2exq9', 'z795y51f', 'sv48gjkk']
11681	['es8l29ub', '66g5lpm6', '1v8xf5uy', '5tpkcd5z', 'hsm75cww']
11697	['trrg1mnw', '2kd89h12', '5xk20hs5', 'hsm75cww', 'pggf4wyo']
11700	['7g7sgabs', 'fdkt6moe', 'edz3up3a', 'tffpan0f', 'wdfzrzkt']
11706	['dqhdws5k', '3m9yonqe', '7esjlc7i', 'trmwm9qq', '9aw78s63']
11749	['ex6dyr77', 'ljpeq5aw', '6xxm7hcs', 'uyzalds2', 'rr87vhd0']
11764	['x9sfgtim', 'ropgq7tr', 'pdfl15fz', '844229sb', '8je46886']
11793	['h1mo3bs8', 'o8aosx2q', 'p10cya94', 's1h3p5s9', '6e0yre69']
11798	['y442ugst', 'ssicvtv0', 'vmmwtdia', '49ejyfie', '62bob168']
11815	['7hporv6w', 'dsfbmhbj', 'xigbp7vh', 'jhge9qy5', 'tstx42h7']
11817	['qhrwngde', 'nerxtetr', 'hg0lyy93', 'fu61afkg', 'vrs88dcy']
11827	['li8kvzdh', '59u9ezr2', '6hl6rtsh', 'eu2vjpw9', 'pjh2lr22']
11829	['ptnjbhtw', 'jf9whlu7', '6cx33se3', '65fwicjz', '3yi44xfe']
11836	['5tdmh0ac', '1iago9rr', 'ltga2btq', 'w45ih46q', 'z8ajje2l']
11845	['tra5ewc5', '3yi44xfe', 'f96qs295', '9b6cepf4', 'rpwmcqbg']
11846	['763v4duh', 'jjh1z5c6', 'tra5ewc5', 'f96qs295', 'uyb0of5p']
11850	['e0a1t2ig', '0njpdbv5', 'sok0cyd3', 'xd5uhah4', '8acldtv2']
11868	['vmijl5yu', '8rp0v8yo', '5cno180i', 'aylotnjv', '9adtbwp2']
11884	['u95kg3m0', '3xzgv370', 'w19e5ayb', 'urk8aa5b', 'kkskmuw3']
11899	['g57r3son', '8iqs6jko', 'w0ebmg16', 'mnjy6bq2', 'bmmdygbs']
11913	['gc9eg5j3', '41yfx1ev', 'zkxrjk3p', 'dksw5yzp', '4mjg7jul']
11915	['t4y1ylb3', 'ruewzstg', 'z6cdyy0w', '8l5i1z27', '7a543f7v']
11923	['bsq640o8', '7f5nywod', 'gc9eg5j3', 'n3xm6c0y', 'a9prti0f']
11925	['mjb3ip7a', 'a40yhtqk', 'bzeqs5oh', 'ax3e82js', 'uohbxoeb']
11940	['3u3i5myh', 'w45ih46q', '54fmvcl5', 'y5a9xtr5', 'q3yt3udf']
11961	['k1ktytot', '83lgqe5c', 'c7g2ah72', 'snlukr6c', 'nkx5zdfg']
11962	['fdn6h4gi', 'asi26od1', 'awm7dj9o', 'nji5ek3q', 'ntxr1ivx']
11973	['0jvoa3ui', '66obkrxp', 'tffhk1hy', 'sb5ce0g3', 'lsrpk3wc']
11974	['3bbiyucq', 'ln6t374j', 'hezheq49', 'jcp3u4mf', 'g5uu01aa']
11991	['ao6632cb', 'b4supugo', '1l7hldfh', 'ek5zfb8f', 'gap91mwc']
12002	['qgwu9fsk', 'pxo11hwp', 'so9uy899', '5aev7ltr', 'j0bu0upi']
12007	['iatmjkzk', 'z0hy52cu', 'atksh1pr', '3724854p', '7yocj24n']
12013	['m1tv7mgm', '9x5k7we8', '7j4i6eud', '9f5i6crg', 'lfo6otkc']
12041	['3u3i5myh', 'ijzoa0yn', 'fu685z9a', 'lby3xhmp', '2qcuygax']
12042	['3lzm42wq', 'mqzus147', 'f296patc', '3cyo993u', 'nmrxjal1']
12060	['3u3i5myh', '8qdcls1k', 'rc5d6wi3', 'fu685z9a', '9kfs73sr']
12075	['ohkki0ke', 'wn98fql3', 'usyduiti', 'w2c01295', 'mnjy6bq2']
12091	['2sb905jt', 'j7vm8h9t', 'lmo2t4ho', 'x996e0cn', 'raz9veem']
12097	['g5h4tazp', 'tuqmar6w', 'zd8c1no7', 'nb27fn2z', 'whj9jwwf']
12103	['hm332jqo', 'nb27fn2z', '7b7on38r', 'xavegbty', 'g5h4tazp']
12105	['g5h4tazp', 'zd8c1no7', 'tuqmar6w', 'dzkf7c7l', 'osct0lj6']
12107	['g5h4tazp', 'tuqmar6w', 'nb27fn2z', 'hm332jqo', '3mk8dwf9']
12109	['92ljfia5', '7s79900j', 'qtzhfnr6', 'dgng39yd', 'u7ao9dwx']
12113	['8m59whf9', '65efipbi', 'wq92nfnd', 'opjfy3xr', 'eu2vjpw9']
12114	['g5h4tazp', 'nb27fn2z', 'o7ww2prj', 'hm332jqo', 'xavegbty']
12131	['ocguwlam', 'u1s6ciy4', '4wbkis5w', 'and9sood', '9n7a9g78']
12137	['j05hs577', 'zli3t1wx', 'jn68rbvb', 'tffhk1hy', 'mtq19xku']
12157	['tra5ewc5', 'f96qs295', 'w1bx4a7v', 'jjh1z5c6', '30pl5tx3']
12164	['hhuu7ol8', 'omrb959r', '4cnk76lb', 'ho832o9g', 'ocfqb3a2']
12180	['9pb2eqoa', 'xtraspw2', '844229sb', 'h7ftu3ax', '8je46886']
12214	['geo7ac5i', 'btao9cun', 'tlr243il', 'x44oc1k6', 'd0cd89hs']
12221	['726t123x', 'vrs88dcy', '80yu5aiv', 'e63j8gci', 'w3d33mq0']
12235	['n86w4vkx', '8cvjsisw', '5t16srpn', 'pq6c0zia', 'p42w7vjf']
12253	['w0ebmg16', 'xtraspw2', '8je46886', '2rx84imv', '844229sb']
12256	['4vuucmfd', 'ydh4ve24', 'kdxoyvsv', 'vxf2jexb', 'suqkidrm']
12273	['7vdd5f4t', '3rxis57m', '8rogsybc', 'q6j7vy8u', 'vuxxerob']
12276	['607lsqlg', 'hqapg5ow', 'vvmb92wo', 'wn98fql3', 'dq3qunwe']
12277	['9195zweg', '7g7sgabs', 'nbdk83ok', '1peg3502', 'fpexa30s']
12278	['wgfdd3lm', 'j1kzjre0', '3tfof5nd', 'xi90m4jk', 'qdmkx03t']
12279	['1peg3502', 'fpexa30s', '78kbutc3', '9195zweg', '0furaib4']
12286	['bf9omgla', 't6de15ax', 'fdkt6moe', 'cj7tcpsz', 'h61b3bsm']
12287	['9195zweg', 'o78vcy90', 'fpexa30s', '1peg3502', 'sfm82h0g']
12312	['72ncfyc5', 'rjhe893f', '059oj76m', 'etfweo49', 'wfa5fb3r']
12320	['3ehm118t', 'u7d6d8oa', 'kkskmuw3', 'fow0f0nq', 't006jnl5']
12334	['1fxb5vru', '93amoypt', 'anu3pahh', 'nfx86mkj', 'y3c478hf']
12337	['ddwrvlc9', 'spohl5ey', 'tf5a48i2', 'wa4gt5sy', 'pmd78j61']
12372	['pofysmv8', 'hlv5zb0s', 'y6jrt5xh', 'e4xw6gyp', '8cviwmi5']
12393	['n5bqf6rj', '4p6fcy8f', '1y1ik2u9', '8acldtv2', 'qkjieod9']
12404	['h4cu63cm', 'c0i45oix', '8ljnxihr', 'glxt2q6f', 'spfc0fc0']
12406	['2uidarm3', '55wqowbq', '5utq6bzk', 'u8t64wmg', '6273ddzc']
12423	['q1nye2ih', 'leg5ntvu', 'mfp9jbti', 'bbhb1cre', 'qa4njmyt']
12427	['pqjumz2o', 'lirsu408', 'fnim10e5', '4rzttwyp', 'efox6z5q']
12447	['2cwvga0k', 'f3eogz0n', '5053t5ki', 'ou731vpe', 'wjktna81']
12461	['hq75gfd2', '8qml9rrb', 'jj2baaph', '7auhiq44', 'rtp9j01c']
12501	['v4ubd1l6', 'mom4y7cl', 'b8c309hj', 'w25jpub7', '4hmecfi0']
12513	['v4ubd1l6', 'si5mxgrk', 'b8c309hj', 'w25jpub7', 'ez1l3m4o']
12517	['9avmlz30', 'du8wmh6n', 'lt7qsxxh', '96lxmeqx', 'a242g5kg']
12530	['2uy0jjdh', 'cn0hqvsz', 'byvsuvn0', 'ngb7pbyl', '8dbjycgt']
12551	['mb18fj8a', 'ce1a9k8b', '66g5lpm6', '80cbwj3o', 'mamtxi9v']
12572	['3u3i5myh', '1iago9rr', 'ijzoa0yn', 'z6cdyy0w', '9kfs73sr']
12579	['0g4naq14', 'jghu52qi', '48ay8yl3', '1n0qw2a5', '33g2xvvr']
12582	['i03mrw1i', 'kojb8efv', 'dpt7sh4h', 'jtaq9p6r', 'i513q4l4']
12596	['vzloj6b3', 'p94qntyb', 'r6943zpb', 'qmo1zzkg', 'v10454ns']
12603	['cv5th7hd', 'u1ilcmm2', '93b2ivio', 'vjpf1fk6', 'lgptgv72']
12622	['o3bp0837', '45r6aieu', 'hi4a02kw', 'jmhexmet', 'bp2ilntr']
12637	['xf7k56sp', 'qwgufqcs', 'qjfe2t9v', '2mtuw7gb', 'hltkddac']
12643	['bw6a5gmy', '24u6q3ae', 'ouno4jpl', 'cgc0v1dg', '6e444g2z']
12648	['pi1yzeqg', '51c22b8w', 'lgnhlxgd', 'y7lrp0gc', 'isxasd9b']
12662	['nb5ayz0h', 'p7rpfsph', '0vmxjil6', 'h4kc04w0', 'jw713e2n']
12669	['ua7hsfma', '8dgahmka', 'wnpmwne1', '1cvpw5hp', '8gogju5n']
12689	['hqod7v2l', 'y98m15aq', '3xup6glg', 'vjpf1fk6', 'u1ilcmm2']
12697	['mw0wb8a8', 'xcsl2evz', '69fmtury', 'dnxhtbxn', '3r8jbhhq']
12709	['maxbdi99', '9n7bkayx', 'mlo8zypy', 'moxjaxuy', 'ypls4zau']
12713	['6ki9km50', 'ii2fmi39', 'dx3ez40b', 'ocfqb3a2', 'faj85qxc']
12715	['lwhy2spw', 'zzph3va1', 'npbzxwgu', 'y74qhqw7', 'xi2whtvr']
12730	['vdup9q7v', '12th7nja', 'kn9lna4m', 'myeiu66g', '1fgnfh62']
12731	['eje3i558', '38d6gb7o', 'uuy94dwa', 'b31ctbat', 'm2bmp8s8']
12737	['3oetrhdh', 'b1w9ns78', 'jmdrupds', 'kjd2t69f', 'ko8lyoob']
12738	['iu6epm2i', '4aps0kvp', '4unn3fmu', 'zq9ehv7a', 'v91sfqt6']
12743	['3oetrhdh', 'b1w9ns78', 'jmdrupds', 'bhleyzhc', 'fb9jz93q']
12754	['9b6cepf4', 'f96qs295', 'l4y7v729', '2bpyvgv7', '5z0xwlxp']
12761	['mnjy6bq2', 'w0ebmg16', '8iqs6jko', '2rx84imv', 'bmmdygbs']
12766	['iwdklgyp', 'w3zbf5k4', 'dngs5tbw', '7c0844ui', '2r0a357c']
12799	['ewb09f5h', '6hnts5l2', 'z71bquck', 'y4cqgbm2', 'ohfi48d6']
12801	['w301ofxi', 'ag5coipu', '5a5a8ifz', '4hdj6mtf', 'moxjaxuy']
12805	['ox59xb6z', '7b570emm', '6mzqk12f', 'ro3k6q06', 'bzzln9kc']
12809	['rb20ge7e', 'x73moqog', '2j11uxmx', '5jlohhmv', '7xnga86x']
12822	['t4y1ylb3', 'tn8houmc', 'di4p48ax', '7a543f7v', 'dgizpo1z']
12829	['r6pn17no', 'zu8dg7ma', '2ax0z8r6', 'eahv0nxf', '5hirx7a1']
12831	['qkg8fwbp', 'sts48u9i', '01q4pu9k', 'u5nxm9tu', 'fdkt6moe']
12834	['ncfvllzi', 'gg5c8v7d', 'nnp6sv19', 'ikon1ktb', '723l0buc']
12838	['x220pjeg', 'f0kcf2y0', 'cnz7jlw4', 'mz1bof2x', 'yjbmi8ur']
12842	['ufcheghf', '0d77ojnb', '1h9ewx5j', '80t2ovkk', '2cq5vpyd']
12886	['4yxyfjsm', 'gtol0evh', 'vs730te0', 'dh3zqjbz', 'solieify']
12907	['763v4duh', 'tra5ewc5', 'jjh1z5c6', 'f96qs295', 'zue5hnal']
12910	['zycgczqy', 'f96qs295', '9b6cepf4', '5yscqct1', 'w1bx4a7v']
12916	['cgxs9uam', 'unx1pv2k', 'e8mk04uf', 'mj9xc5fv', 'usfvulc2']
12920	['unx1pv2k', 'xl0zb9zj', 'cgxs9uam', 'mj9xc5fv', 'usfvulc2']
12926	['630w2rtn', 'xhkjbeam', '64qt0w2a', '3jqsmc7p', '7xt894vr']
12950	['7xnh53x0', 'cmeiqnng', '6twwcp47', '8v7lldhx', 'xdtvmekq']
12954	['9195zweg', '7g7sgabs', 'n1q1wr9s', '69wuny3p', 'nbdk83ok']
12963	['wrnooffp', 'g1w6w5tm', 'bgsbbszf', '6lz0kjen', 'aktcrflj']
12967	['01c1hxav', 'liip39ku', 'p0brp6qd', 'pr1fd8mj', 'xo7q4dqr']
12972	['tweqie5k', '4ohgr8j7', 'aj64338q', '4py6l839', 'vq9mtrmg']
12973	['2cwvga0k', 'f3eogz0n', '8w43qkqu', 'yn7e3do9', '33znyrn8']
12984	['f96qs295', 'mkgszhkk', 'jjh1z5c6', '1s8jzzwg', 'w1bx4a7v']
12989	['vrate482', 'tjplc5j6', '7pcnf2iv', 'gp3ib74q', 'ywusapij']
12990	['vrate482', 'pxpghfhq', '8ko2lc1b', 'ywusapij', '7pcnf2iv']
13002	['4jyltfus', 'k1adcls8', 'tmgmqtjq', 'qhbuvt1l', 'kkbed30m']
13028	['72jwlfqr', '3u3i5myh', 'uuxo3jk9', 'jgcv1wf3', '54fmvcl5']
13045	['fjzhe9tp', 'sv48gjkk', 'xlczcgfy', 'vn3g9qww', 'z795y51f']
13046	['6fpw6y8t', 'yn7e3do9', '7omyaap8', '6j45mmjh', 'b3nv1vl6']
13049	['8fnis63j', 'jvqlmqsy', 'xjrhd6ee', 'hpyzi04z', 'sruhwd8j']
13050	['84z7jgcl', '5b9jytph', '5nv3ec5l', 'atloc9th', 'y43prnko']
13052	['2bupc5jh', '4r96f92d', 'usyduiti', '844229sb', '0cnjtxyq']
13053	['r58aohnu', 'ju3d0xvy', '46no7uq8', 'r5552ql7', 'tunbld3v']
13063	['vdgu6h0a', 'zq9ehv7a', 'gqwwfpch', 'llcit7x2', 'g99myvw1']
13078	['jvqlmqsy', 'gqmicba6', 'hpyzi04z', 'g4pd6g4j', 'ldqy66uh']
13147	['zpxnr9s9', 'na3c21pf', 'gap91mwc', 'dx53hxej', 'p8ckcvyj']
13153	['jk5tczo0', 'j4hnitqx', '9eu792zu', 'sb3y2w6c', 'lsiy3quw']
13158	['1u532bz9', 'ghhxxkkv', '4ohgr8j7', 's2811lpo', '0ygvjgj7']
13167	['rog2h4g7', '6tlzij5v', 'rn8eezep', 'cmeiqnng', 'xxy10tcl']
13170	['8f83k2ce', 'isxasd9b', '8xrccucr', '0lk8eujq', 'wmpjfc02']
13171	['3f0pgo4z', 'raz9veem', '3p31ei4k', '2sb905jt', '9lu2stp4']
13189	['bzo4x7bh', 'bzxa0ajy', 'jw42gokv', 'i88ccp9w', 'vrttjv2b']
13194	['4cnk76lb', 'hhuu7ol8', 'omrb959r', 'c0ipfbeg', 'yiamrsba']
13204	['jgq968f6', 'q7pieq3w', '1y1ik2u9', '4p6fcy8f', '08bw0h8m']
13209	['trrg1mnw', 'ynaxwnlp', 'hsm75cww', '5kchpjx0', 'edr7hrhp']
13210	['sh9w4ipq', 'xezpzl91', 'suhax8lh', 'tx8ypqsm', 'spicb5h2']
13216	['qeqd4soe', 'r76tqrwz', 'jiunpwz9', 'mo23hpe1', 'rh2jrojk']
13234	['vzdu9jwn', '3km6yfr6', 'to2wxs8m', '0999t5x0', '4kyy2g76']
13239	['6g4oclln', 't0l6mlm5', '5kchpjx0', 'ce1a9k8b', 'kb3xi0fk']
13250	['rpjg4a9i', '6ovv79ia', 'f5twvg9g', 'apfimvix', 'z1y1zgo8']
13254	['ncbjncfx', 'ln6t374j', '1tqwmy8m', 'g5uu01aa', '6entp07f']
13257	['9oxajwkk', 'jfvq2gfx', 'bbhb1cre', 'mfp9jbti', 'qa4njmyt']
13269	['1s8jzzwg', 'ropgq7tr', 'f96qs295', 'x9sfgtim', 'h7ftu3ax']
13278	['mi6bdisx', 'm46vdpv6', 'h4sbz3md', 'eomtjrgc', '4iuxm6z2']
13280	['6t92yhti', 'auy3c2e0', 'h4kc04w0', 'xltcax0k', '4z8i83p4']
13281	['d44561hh', 'm46vdpv6', '6a6tyvtz', 'oa81rhdb', 'yb9uyov3']
13310	['8hkxbxz9', 'veeavho5', 'rjjc30lc', '6qai5sev', 'lmzkseiz']
13327	['8g70j0qw', 'd2pzezq8', 'msxp1qkx', '60en5zy7', 'lbxg93hl']
13330	['ysf5k0ky', '3yi44xfe', 'hzbtd39j', 'jbpmbm9m', 'w0i3oy97']
13332	['i6qoo03c', '0si51n85', '0999t5x0', 'yu8dkk5g', '9xxv8a2d']
13342	['wa4gt5sy', 'ddwrvlc9', 'atksh1pr', 'wq0mebm4', 'ciwozpc0']
13346	['f96qs295', 'u8mu4yga', 'jjh1z5c6', '0mwz8kwo', 'ropgq7tr']
13352	['78d7vub4', 'dqbvnr0y', '8w43qkqu', '5d7erbr4', 'tql5cv8k']
13366	['lirsu408', '33g2xvvr', 'ld7lhdi1', 'pqjumz2o', '4budtw8s']
13367	['q1nye2ih', 'leg5ntvu', 'snlukr6c', 'u7ligk1k', 'jfvq2gfx']
13373	['1iclw0nt', '9eu792zu', 'sgezc9kx', '06fwhyac', 'e8fhlo37']
13377	['u30uz8sk', '4rsvcbnz', 'h3tor88n', 'pindjvhk', 'eml8uilb']
13402	['tra5ewc5', 'l4y7v729', 'mkgszhkk', 'gtwg0m54', '0clp6zt6']
13405	['qn6wawxk', 'yk2th44f', 'b3ui95vx', 'wrsk5vh9', 'xl9rwld2']
13412	['msb6wgnv', 'uqmblefe', 'p9qeaedh', 'ansf1j7u', '9ss25ozo']
13421	['yx0u0iyw', 'r0nmq9ne', 'hfaiddki', 'hsm75cww', '5xk20hs5']
13445	['gw9hkw00', '4et61my3', 'x73moqog', '8pemlz7a', 'nt1e70dv']
13446	['cfbj6ize', 'xj1nw76b', '5c1e0770', 'waerqfzu', 'mumbnmgz']
13451	['g5uu01aa', 'ln6t374j', 'pyz2tnhk', '1tqwmy8m', 'ep9moftg']
13462	['qeqd4soe', 'belhjr5e', 'r76tqrwz', '0r580il2', 'mo23hpe1']
13480	['fe456in0', '6vqf2n5j', '8of3u2sc', '6wb18u6w', 'vx1hjh26']
13485	['2my9o9fy', 'l73htuz1', 'p3yxqgpp', 'srmmmyll', 't52ieu5y']
13500	['7f5nywod', 'pi9ndj9p', 'oeudi6lr', '4co920gp', '3qtxnbb2']
13503	['ikon1ktb', 'gg5c8v7d', 'ncfvllzi', 'y0mbzzx0', 'p94qntyb']
13513	['brt4zrhe', 'p9qeaedh', 'nzc9essr', 'c0c60pyi', '39dqjlly']
13529	['mru0mcup', 'dfhxcqr8', 'whkfvd7l', 'ndcg3o7a', 'wvfw94n1']
13542	['rc5d6wi3', 'byw8jsqv', '9sh9mk6p', 'd0nj3fsa', 'k457kqlo']
13555	['828eqxla', '8g2mr8o1', 'p8xpavbg', 'yosjlefy', 'mb18fj8a']
13560	['rn8eezep', 'qbp5nid8', 'rcaxap24', '7dyhyruo', 'ut4d68ti']
13561	['k1n00gir', 'p9qeaedh', '6hehg1yf', 'w7smahni', 'ypxur24q']
13577	['4cy3er3y', 'io8mozoe', 'dmqk247e', '9wn91fj2', '5eo7wfle']
13603	['h8h8xkfx', '3wo90f5u', 'doi8buyw', 's245n3qw', 'f14n0hk6']
13617	['c5zi5rzz', '4ghn6zbd', 'o6rgoe9t', '3yi44xfe', 'j3letcou']
13618	['w7gr98j9', 'vszrekp9', '6bgquqa1', 'h2l70h1u', '6oicmeam']
13622	['delciztu', 'of16ewcj', 'am2vzj11', '07niopag', 'pxnyi2u1']
13628	['y5a9xtr5', 'o6i5ca7h', 'htn03ms0', 'g266ttng', 'f5bs391p']
13647	['w0ebmg16', '8je46886', 'xtraspw2', 'z86g8dzs', 'vvmb92wo']
13648	['nbdk83ok', '8glhd9xe', 'dpyz8uh4', 'foopvh5z', 'cj7ygzfy']
13649	['wq92nfnd', 'cp6xu2ox', 'pvrp8u8n', '0ogmwreb', 'jgq968f6']
13653	['l8zfuhzk', 'wn98fql3', 'mnjy6bq2', 'ohkki0ke', 'iylmvmv3']
13669	['9kfs73sr', 'u66awao9', 'q9bwvh0t', 'ruewzstg', '6mzqk12f']
13670	['t5wzsjxc', '0emibwp3', 'h7ftu3ax', '9mn6trtn', '9ds4ot1q']
13676	['2hkdhwaw', 's1dert6n', 'w45ih46q', 'r9qtzdvk', 'viqy2ec5']
13679	['n3xm6c0y', '039k70vs', 'std4jddn', '41yfx1ev', '4mjg7jul']
13682	['0vy5yifk', 'wcmxmahq', 'tnejo5wc', 'e6miaabh', '7auhiq44']
13707	['78d7vub4', '9fsk7ftz', '8w43qkqu', '0w905c2x', 'tq8jpmin']
13728	['wbk363w1', 'sajmj1jw', 'zuz2992q', 'm7q1roay', '6p0j6rsa']
13751	['726t123x', 'vrs88dcy', '80yu5aiv', '4vjpu9t1', 'dt2pew66']
13816	['hg3xpej0', 'styavbvi', 'rthsl7a9', 'trrg1mnw', '5xk20hs5']
13823	['5a5a8ifz', '6c47sm6i', '9k4pwc2h', 'b36vq2pj', 'moxjaxuy']
13824	['soa71kwx', '65efipbi', '3kng7qea', 'vmmztj0a', '8m59whf9']
13826	['2my9o9fy', 'bo6kbb6k', 'p3yxqgpp', 'bumpnp7q', 'fnph4lsg']
13844	['tra5ewc5', '763v4duh', 'jjh1z5c6', 'pu12u627', 'uyb0of5p']
13884	['7xnga86x', 'nt1e70dv', '53t1mhnb', 'z94skip6', 'x73moqog']
13887	['l5nncxqo', 'v7ckvxjp', '33znyrn8', 'n39y3kq2', 'h6b8xuvs']
13899	['x60fkihk', 'xxy10tcl', 'moe0bi1g', 'jlr943nv', 'wbw7gbfv']
13909	['1adofojj', 'l63d9lyd', '4gj7qdtw', 'wnpmwne1', '2l83gyx5']
13913	['i88ccp9w', '3c1fujrd', '8796x4ne', '6ffz2va2', '4sqjvr3y']
13925	['9sh9mk6p', 'rc5d6wi3', 'k457kqlo', '2qcuygax', 's7z1l3a9']
13937	['ai5dfdfk', 's599iazh', 'ln6t374j', '1tqwmy8m', 'rjelshrp']
13992	['r58aohnu', 'mfziqu80', 'tsv0rcr3', 't3givxiy', 'cpbu3fv3']
14002	['tra5ewc5', 'l4y7v729', '0clp6zt6', 'mkgszhkk', 'qi1henyy']
14034	['3r418rss', 'hfk8nikl', 'ivxvry3u', 'lxabtp41', '4gof1yl8']
14040	['jbom8iq6', 'ukdylwb7', 's245n3qw', 'c0ipfbeg', 'ho832o9g']
14044	['1ad18z11', 'z3o3ib2f', 'j2t0ofgt', '2xjv2fb6', '3wo90f5u']
14053	['2neevooh', 'n85adjg5', '4sqjvr3y', '6ffz2va2', 'b9uc5gpv']
14070	['4hmecfi0', '1ma4hp52', 'entkqcn3', 'mom4y7cl', 'cpeizrdb']
14072	['g5h4tazp', 'tuqmar6w', 'zd8c1no7', 'osct0lj6', 'dzkf7c7l']
14076	['v4ubd1l6', 'xavegbty', 'si5mxgrk', '7b7on38r', 'b8c309hj']
14077	['nrc35akc', 'xykncac7', 'zqqp22y7', '7np944lw', '19d29mnp']
14084	['g5h4tazp', 'tuqmar6w', 'zd8c1no7', 'dzkf7c7l', 'xwghd9ut']
14111	['y6ufb4l6', '1t1sykok', 'k4ubol2x', '095g2l66', 'tb8k979g']
14122	['vs730te0', '56uzzrh8', 'trrg1mnw', 'deezca5z', 'dwgxrbag']
14125	['fnojlsnj', 'o8aosx2q', '2cwvga0k', 'f3eogz0n', '6hkqe14l']
14130	['dsfbmhbj', 'wnlroru3', 'c6p7hgh4', '72jwlfqr', 'idlmau69']
14132	['irhizn0b', 'qkg8fwbp', '1peg3502', 'z4cq9klm', '25jq098w']
14134	['coh92gm3', 'e7uvbra5', '2f09vauy', '6hl6rtsh', 'li8kvzdh']
14139	['53zopedx', 'li8kvzdh', '6hl6rtsh', 'x0cs571f', '08h4198w']
14143	['k7sg7gzd', '1peg3502', 'ryj83uw3', 'w74mx03c', 'fpexa30s']
14152	['vf7xj5qt', '5qhc4z2t', '72jwlfqr', 'lxdcelk1', 'thvhvf4t']
14153	['wo9gg7nx', 'nbdk83ok', '9195zweg', 'tffpan0f', 'vllhupzp']
14193	['0gn3b98n', 'n5sei1oc', 'bwmpamea', 'qpzg8lam', '4sqjvr3y']
14196	['j4hnitqx', 's1qnjgev', 'rpjg4a9i', 'z1y1zgo8', 'ln6t374j']
14203	['wrsk5vh9', 'qn6wawxk', 'b3ui95vx', 't8jlihgm', 'yk2th44f']
14233	['wt6azxc1', 'u7ligk1k', 'e4xw6gyp', 'l72grjbg', 'rfv0omd6']
14236	['nih4l4ok', 'y74qhqw7', 'e8fhlo37', 'ndcg3o7a', '9eu792zu']
